0,1,1,1,1,1
1,1,1,1,1,1
2,1,0,1,1,1
3,2,2,1,2,2
4,2,2,0,2,2
5,2,2,1,2,2
6,2,2,1,2,2
7,2,1,2,2,2
8,2,0,2,2,2
9,2,0,0,2,2
10,1,0,0,2,1
11,1,2,0,2,1
12,1,0,0,2,1
13,1,1,0,2,1
14,1,3,0,2,1
15,1,2,0,2,1
16,1,1,2,2,1
17,1,1,0,2,1
18,1,2,1,2,1
19,1,1,3,2,1
20,1,2,1,2,1
21,1,1,0,2,1
22,1,1,0,2,1
23,1,0,0,2,1
24,0,1,0,2,0
25,0,1,0,2,0
26,0,2,1,2,0
27,0,0,1,2,0
28,0,1,0,2,0
29,0,3,0,2,0
30,0,1,2,2,0
31,0,4,1,2,0
32,0,0,0,2,0
33,0,1,0,2,0
34,0,2,0,2,0
35,0,3,0,2,0
36,0,2,1,2,0
37,0,1,1,2,0
38,0,2,1,2,0
39,0,0,0,2,0
40,0,1,0,2,0
41,0,1,1,2,0
42,0,1,0,2,0
43,0,1,0,2,0
44,0,1,0,2,0
45,0,2,0,2,0
46,0,2,1,2,0
47,0,2,1,2,0
48,0,1,1,2,0
49,0,1,0,2,0
50,0,1,0,2,0
51,0,2,0,2,0
52,0,0,0,2,0
53,0,1,1,2,0
54,0,1,1,2,0
55,0,1,2,2,0
56,0,3,0,2,0
57,0,2,0,2,0
58,0,1,1,2,0
59,0,2,0,2,0
60,0,0,0,2,0
61,0,4,0,2,0
62,0,2,0,2,0
63,0,0,0,2,0
64,0,1,0,2,0
65,0,2,0,2,0
66,0,1,0,2,0
67,0,0,0,2,0
68,0,2,0,2,0
69,0,1,0,2,0
70,0,0,0,2,0
71,0,2,1,2,0
72,0,1,0,2,0
73,0,2,0,2,0
74,0,0,0,2,0
75,0,2,0,2,0
76,0,1,0,2,0
77,0,1,0,2,0
78,0,1,0,2,0
79,0,1,0,2,0
80,0,2,1,2,0
81,0,2,1,2,0
82,0,3,1,2,0
83,0,0,1,2,0
84,0,3,0,2,0
85,0,0,0,2,0
86,0,2,0,2,0
87,0,1,0,2,0
88,0,2,0,2,0
89,0,2,0,2,0
90,0,0,0,2,0
91,0,0,0,2,0
92,0,0,0,2,0
93,0,0,0,2,0
94,0,1,0,2,0
95,0,4,0,2,0
96,0,2,0,2,0
97,0,1,0,2,0
98,0,0,0,2,0
99,0,2,0,2,0
100,0,1,0,2,0
101,0,1,0,2,0
102,0,2,0,2,0
103,0,1,0,2,0
104,0,2,1,2,0
105,0,1,0,2,0
106,0,4,0,2,0
107,0,1,1,2,0
108,0,5,1,2,0
109,0,2,0,2,0
110,0,1,0,2,0
111,0,3,1,2,0
112,0,0,0,2,0
113,0,2,1,2,0
114,0,1,0,2,0
115,0,2,0,2,0
116,0,3,1,2,0
117,0,2,0,2,0
118,0,2,0,2,0
119,0,1,0,2,0
120,0,3,0,2,0
121,0,1,0,2,0
122,0,2,1,2,0
123,0,0,1,2,0
124,0,3,1,2,0
125,0,0,2,2,0
126,0,2,0,2,0
127,0,2,1,2,0
128,0,3,0,2,0
129,0,4,1,2,0
130,0,1,0,2,0
131,0,1,0,2,0
132,0,0,0,2,0
133,0,2,1,2,0
134,0,0,0,2,0
135,0,2,0,2,0
136,0,1,0,2,0
137,0,0,1,2,0
138,0,0,0,2,0
139,0,0,0,2,0
140,0,1,0,2,0
141,0,3,1,2,0
142,0,2,1,2,0
143,0,0,2,2,0
144,0,1,0,2,0
145,0,2,0,2,0
146,0,2,0,2,0
147,0,0,0,2,0
148,0,0,0,2,0
149,0,0,1,2,0
150,0,1,0,2,0
151,0,4,0,2,0
152,0,0,0,2,0
153,0,1,0,2,0
154,0,4,1,2,0
155,0,4,0,2,0
156,1,0,0,3,1
157,1,1,0,3,1
158,1,3,0,3,1
159,0,0,0,3,0
160,0,1,1,3,0
161,0,2,0,3,0
162,0,1,0,3,0
163,0,2,0,3,0
164,0,1,0,3,0
165,0,2,0,3,0
166,0,1,1,3,0
167,0,3,0,3,0
168,0,3,0,3,0
169,0,4,1,3,0
170,0,4,0,3,0
171,0,2,0,3,0
172,0,2,0,3,0
173,0,5,0,3,0
174,0,3,0,3,0
175,0,1,2,3,0
176,0,0,2,3,0
177,0,1,0,3,0
178,0,3,0,3,0
179,0,1,0,3,0
180,0,1,1,3,0
181,0,1,0,3,0
182,0,2,0,3,0
183,0,3,0,3,0
184,0,0,0,3,0
185,0,4,0,3,0
186,0,1,0,3,0
187,0,1,1,3,0
188,0,3,0,3,0
189,0,3,2,3,0
190,0,3,1,3,0
191,0,2,0,3,0
192,0,1,0,3,0
193,0,2,0,3,0
194,0,2,0,3,0
195,0,1,0,3,0
196,0,2,0,3,0
197,0,1,0,3,0
198,0,2,0,3,0
199,0,2,1,3,0
200,0,1,0,3,0
201,0,2,0,3,0
202,0,3,1,3,0
203,0,0,0,3,0
204,0,0,0,3,0
205,0,2,0,3,0
206,0,1,1,3,0
207,0,0,0,3,0
208,0,2,0,3,0
209,0,1,0,3,0
210,0,1,0,3,0
211,0,2,0,3,0
212,0,3,1,3,0
213,0,0,1,3,0
214,0,2,0,3,0
215,0,4,0,3,0
216,0,2,1,3,0
217,0,1,1,3,0
218,0,4,1,3,0
219,0,2,0,3,0
220,0,1,0,3,0
221,0,0,0,3,0
222,0,1,0,3,0
223,0,0,0,3,0
224,0,1,0,3,0
225,0,3,0,3,0
226,0,2,0,3,0
227,0,2,1,3,0
228,0,1,0,3,0
229,0,1,0,3,0
230,0,2,2,3,0
231,0,0,1,3,0
232,0,1,0,3,0
233,0,2,0,3,0
234,0,4,0,3,0
235,0,0,0,3,0
236,0,2,1,3,0
237,0,2,2,3,0
238,0,1,0,3,0
239,0,2,0,3,0
240,0,4,0,3,0
241,1,3,1,4,1
242,1,0,0,4,1
243,1,4,1,4,1
244,1,1,2,4,1
245,1,1,0,4,1
246,1,1,0,4,1
247,0,0,0,4,0
248,0,4,0,4,0
249,0,2,0,4,0
250,0,3,0,4,0
251,0,0,0,4,0
252,0,2,0,4,0
253,0,0,1,4,0
254,0,3,0,4,0
255,0,0,0,4,0
256,0,0,1,4,0
257,0,2,1,4,0
258,0,2,1,4,0
259,0,3,2,4,0
260,0,0,1,4,0
261,0,3,1,4,0
262,0,2,0,4,0
263,0,2,1,4,0
264,0,1,0,4,0
265,0,0,0,4,0
266,0,2,0,4,0
267,0,2,0,4,0
268,0,2,1,4,0
269,0,2,0,4,0
270,0,2,1,4,0
271,0,3,0,4,0
272,0,2,1,4,0
273,0,3,0,4,0
274,0,1,0,4,0
275,0,2,1,4,0
276,1,1,0,5,1
277,1,2,1,5,1
278,1,1,0,5,1
279,1,3,0,5,1
280,1,1,0,5,1
281,1,0,0,5,1
282,0,4,0,5,0
283,0,3,0,5,0
284,0,1,0,5,0
285,0,3,1,5,0
286,0,1,0,5,0
287,0,3,0,5,0
288,0,2,0,5,0
289,0,3,0,5,0
290,0,3,1,5,0
291,0,4,1,5,0
292,0,2,1,5,0
293,0,3,1,5,0
294,0,2,0,5,0
295,0,3,1,5,0
296,0,5,0,5,0
297,0,3,2,5,0
298,0,2,0,5,0
299,0,2,1,5,0
300,0,3,0,5,0
301,0,1,0,5,0
302,0,1,0,5,0
303,0,3,1,5,0
304,0,0,0,5,0
305,0,0,1,5,0
306,0,3,0,5,0
307,0,2,0,5,0
308,0,1,1,5,0
309,0,1,1,5,0
310,0,3,0,5,0
311,0,0,0,4,0
312,0,1,0,4,0
313,0,1,0,4,0
314,0,4,0,4,0
315,0,1,1,4,0
316,0,2,0,4,0
317,0,1,0,4,0
318,0,4,0,4,0
319,0,0,1,4,0
320,0,2,0,4,0
321,0,4,0,4,0
322,0,1,0,4,0
323,0,1,1,4,0
324,0,2,0,4,0
325,0,1,0,3,0
326,0,1,1,3,0
327,0,4,0,3,0
328,0,3,0,3,0
329,0,1,0,3,0
330,0,1,0,3,0
331,0,3,1,3,0
332,0,0,0,3,0
333,0,2,0,3,0
334,0,2,0,3,0
335,0,3,0,3,0
336,0,3,0,3,0
337,0,3,0,3,0
338,1,4,0,4,1
339,1,6,0,4,1
340,1,4,1,4,1
341,1,5,0,4,1
342,1,1,0,4,1
343,1,0,0,4,1
344,1,2,1,4,1
345,1,2,1,4,1
346,1,1,0,4,1
347,1,4,0,4,1
348,1,2,1,4,1
349,1,1,1,4,1
350,0,2,0,4,0
351,0,3,1,4,0
352,0,3,1,4,0
353,0,5,1,4,0
354,0,1,1,4,0
355,0,4,0,4,0
356,0,1,2,4,0
357,0,5,1,4,0
358,0,4,1,4,0
359,0,2,0,4,0
360,0,0,2,4,0
361,0,1,0,4,0
362,0,5,2,4,0
363,0,2,1,4,0
364,0,2,1,4,0
365,0,0,2,4,0
366,0,3,0,4,0
367,0,2,0,4,0
368,0,0,0,4,0
369,0,5,0,4,0
370,0,3,0,4,0
371,0,2,1,4,0
372,0,3,0,4,0
373,0,1,0,4,0
374,0,2,0,4,0
375,0,4,1,4,0
376,0,1,0,4,0
377,0,1,0,4,0
378,0,4,0,4,0
379,0,3,0,4,0
380,0,3,0,4,0
381,0,1,0,4,0
382,0,1,0,4,0
383,0,2,1,4,0
384,0,4,0,4,0
385,0,2,0,4,0
386,0,3,1,4,0
387,0,3,0,4,0
388,0,0,0,4,0
389,0,3,1,4,0
390,0,1,0,4,0
391,0,3,0,4,0
392,0,1,0,4,0
393,0,3,0,4,0
394,0,1,0,4,0
395,0,0,0,4,0
396,0,5,0,4,0
397,0,2,1,4,0
398,0,1,0,4,0
399,0,3,1,4,0
400,0,2,2,4,0
401,0,3,1,4,0
402,0,2,1,4,0
403,0,2,0,4,0
404,0,1,1,4,0
405,0,2,0,4,0
406,0,2,1,4,0
407,0,2,1,4,0
408,0,2,2,4,0
409,0,4,0,4,0
410,0,3,0,4,0
411,0,4,1,4,0
412,0,1,0,4,0
413,0,3,1,4,0
414,0,0,1,4,0
415,0,3,0,4,0
416,0,1,1,4,0
417,0,1,0,4,0
418,0,3,0,4,0
419,0,2,0,4,0
420,0,3,0,4,0
421,0,4,1,4,0
422,0,3,0,4,0
423,0,1,1,4,0
424,0,0,1,4,0
425,0,3,1,4,0
426,0,3,1,4,0
427,0,2,0,4,0
428,0,4,0,4,0
429,0,1,0,4,0
430,0,6,1,4,0
431,0,3,1,4,0
432,0,5,1,4,0
433,0,2,1,4,0
434,0,3,0,4,0
435,0,2,0,4,0
436,0,3,0,4,0
437,0,1,1,4,0
438,0,5,3,4,0
439,0,2,0,4,0
440,0,1,1,4,0
441,0,2,0,4,0
442,0,4,0,4,0
443,0,3,0,4,0
444,0,2,0,4,0
445,0,3,0,4,0
446,0,2,0,4,0
447,0,2,0,4,0
448,0,6,1,4,0
449,0,4,2,4,0
450,0,4,1,4,0
451,0,2,0,4,0
452,0,2,0,4,0
453,0,1,0,4,0
454,0,4,1,4,0
455,0,2,0,4,0
456,0,3,0,4,0
457,0,2,1,4,0
458,0,3,0,4,0
459,0,2,0,4,0
460,0,3,0,3,0
461,0,1,0,3,0
462,0,6,1,3,0
463,0,3,0,3,0
464,0,4,0,3,0
465,0,4,0,3,0
466,0,4,0,3,0
467,0,2,0,3,0
468,0,2,0,3,0
469,0,3,0,3,0
470,0,3,0,3,0
471,0,4,0,3,0
472,0,4,1,3,0
473,0,1,0,3,0
474,0,1,0,3,0
475,0,4,1,3,0
476,0,4,1,3,0
477,0,6,0,3,0
478,0,0,0,3,0
479,0,1,1,3,0
480,0,3,0,3,0
481,0,1,0,3,0
482,0,2,1,3,0
483,0,1,0,3,0
484,0,1,0,3,0
485,0,7,0,3,0
486,0,3,0,3,0
487,0,2,0,3,0
488,0,3,0,3,0
489,0,2,0,3,0
490,0,4,1,3,0
491,0,2,1,3,0
492,0,5,0,3,0
493,0,4,0,3,0
494,0,4,0,3,0
495,0,2,0,3,0
496,0,3,0,3,0
497,0,2,2,3,0
498,0,2,0,3,0
499,0,4,0,3,0
500,0,6,0,3,0
501,0,0,0,3,0
502,0,0,1,3,0
503,0,2,0,3,0
504,0,6,1,3,0
505,0,1,0,3,0
506,0,2,0,3,0
507,0,2,0,3,0
508,0,2,1,3,0
509,0,3,0,3,0
510,0,5,0,3,0
511,0,2,0,3,0
512,0,3,0,3,0
513,0,3,0,3,0
514,0,2,0,3,0
515,0,0,0,3,0
516,0,6,0,3,0
517,0,5,0,3,0
518,0,0,0,3,0
519,0,3,1,3,0
520,0,2,1,3,0
521,0,3,0,3,0
522,0,0,0,3,0
523,0,4,0,3,0
524,0,3,0,3,0
525,0,0,0,3,0
526,0,4,0,3,0
527,0,6,0,3,0
528,0,3,0,3,0
529,0,2,0,3,0
530,0,2,1,3,0
531,0,1,1,3,0
532,0,2,0,3,0
533,0,1,0,3,0
534,0,3,0,3,0
535,0,4,1,3,0
536,0,2,0,3,0
537,0,4,0,3,0
538,0,6,0,3,0
539,0,3,1,3,0
540,0,4,1,3,0
541,0,3,0,3,0
542,0,2,0,3,0
543,0,2,1,3,0
544,0,1,1,3,0
545,0,1,2,3,0
546,0,5,1,3,0
547,0,2,0,3,0
548,0,4,0,2,0
549,0,2,0,2,0
550,0,5,1,2,0
551,0,0,0,2,0
552,0,4,0,2,0
553,0,4,0,2,0
554,0,4,0,2,0
555,0,4,2,2,0
556,0,5,0,2,0
557,0,3,0,2,0
558,0,1,2,2,0
559,0,2,1,2,0
560,0,2,0,2,0
561,0,1,0,2,0
562,1,2,1,3,1
563,1,1,0,3,1
564,1,4,0,3,1
565,1,1,0,3,1
566,1,6,0,3,1
567,1,0,1,3,1
568,1,4,0,3,1
569,1,5,0,3,1
570,1,2,1,3,1
571,1,2,1,3,1
572,1,3,1,3,1
573,1,4,0,3,1
574,1,0,1,3,1
575,1,4,0,3,1
576,1,1,1,3,1
577,1,1,0,3,1
578,1,4,0,3,1
579,1,1,1,3,1
580,1,2,1,3,1
581,1,3,0,3,1
582,1,1,0,3,1
583,1,3,3,2,1
584,1,2,0,2,1
585,1,3,0,2,1
586,1,4,0,2,1
587,0,5,0,2,0
588,0,2,0,2,0
589,0,3,0,2,0
590,0,3,1,2,0
591,0,3,1,2,0
592,0,3,0,2,0
593,0,2,0,2,0
594,0,1,0,2,0
595,0,2,0,2,0
596,0,2,0,2,0
597,0,3,0,2,0
598,0,5,0,2,0
599,0,3,0,2,0
600,0,2,0,2,0
601,0,5,1,2,0
602,0,4,0,2,0
603,0,2,0,2,0
604,0,2,0,2,0
605,0,0,0,2,0
606,0,1,0,2,0
607,0,3,0,2,0
608,0,1,0,2,0
609,0,6,0,2,0
610,0,3,1,2,0
611,0,2,1,2,0
612,0,3,0,2,0
613,0,3,0,2,0
614,0,1,2,2,0
615,0,5,0,2,0
616,0,2,0,2,0
617,0,7,1,2,0
618,0,4,1,2,0
619,0,4,0,2,0
620,0,2,0,2,0
621,0,2,0,2,0
622,0,5,0,2,0
623,0,1,0,2,0
624,0,2,1,2,0
625,0,2,1,2,0
626,0,4,1,2,0
627,0,3,0,2,0
628,0,5,1,2,0
629,0,3,0,2,0
630,0,4,0,2,0
631,0,7,0,2,0
632,0,2,0,2,0
633,0,3,0,2,0
634,0,5,0,2,0
635,0,3,1,2,0
636,0,3,1,2,0
637,0,5,1,2,0
638,0,1,0,2,0
639,0,6,1,2,0
640,0,1,1,2,0
641,0,2,2,2,0
642,0,6,2,2,0
643,0,2,1,2,0
644,0,2,0,2,0
645,0,3,0,2,0
646,0,2,0,2,0
647,0,4,1,2,0
648,0,4,2,2,0
649,0,3,0,2,0
650,0,6,0,2,0
651,0,1,0,1,0
652,0,2,0,1,0
653,0,2,0,1,0
654,0,3,1,1,0
655,0,2,0,1,0
656,0,2,0,1,0
657,0,4,0,1,0
658,0,3,0,1,0
659,0,2,0,1,0
660,0,2,1,1,0
661,0,2,0,1,0
662,0,2,0,1,0
663,0,2,0,1,0
664,0,3,0,1,0
665,0,5,1,1,0
666,0,2,0,1,0
667,0,4,1,1,0
668,0,2,1,1,0
669,0,3,1,1,0
670,0,1,1,1,0
671,0,4,0,1,0
672,0,4,1,1,0
673,0,4,1,1,0
674,0,5,0,1,0
675,0,3,0,1,0
676,0,4,0,1,0
677,0,2,0,1,0
678,0,2,0,1,0
679,0,4,0,1,0
680,0,4,0,1,0
681,0,6,2,1,0
682,0,4,2,1,0
683,0,3,1,1,0
684,0,6,0,1,0
685,0,4,0,1,0
686,0,2,0,1,0
687,0,3,0,1,0
688,0,1,0,1,0
689,0,2,1,1,0
690,0,5,1,1,0
691,0,1,0,1,0
692,0,1,1,1,0
693,0,3,0,1,0
694,0,3,0,1,0
695,0,0,0,1,0
696,0,4,2,1,0
697,0,5,1,1,0
698,0,2,0,1,0
699,0,1,0,1,0
700,0,2,0,1,0
701,0,4,0,1,0
702,0,3,0,1,0
703,0,3,0,1,0
704,0,4,0,1,0
705,0,1,1,1,0
706,0,1,0,1,0
707,0,4,0,1,0
708,0,4,1,1,0
709,0,3,0,1,0
710,0,0,0,1,0
711,0,4,0,1,0
712,0,3,0,1,0
713,0,5,0,1,0
714,0,2,1,1,0
715,0,2,0,1,0
716,0,1,1,1,0
717,0,1,0,1,0
718,0,3,0,1,0
719,0,7,1,1,0
720,0,2,2,1,0
721,0,1,0,1,0
722,0,2,0,1,0
723,0,1,0,1,0
724,0,0,1,1,0
725,0,2,0,1,0
726,0,4,0,1,0
727,0,5,3,1,0
728,0,3,0,1,0
729,0,1,1,1,0
730,0,4,0,1,0
731,0,0,0,1,0
732,0,2,0,1,0
733,0,3,0,1,0
734,0,4,0,1,0
735,0,3,0,1,0
736,0,4,0,1,0
737,0,3,1,1,0
738,0,1,1,1,0
739,0,4,1,1,0
740,0,4,0,1,0
741,0,1,0,1,0
742,0,1,0,1,0
743,0,2,0,1,0
744,0,4,1,1,0
745,0,4,0,1,0
746,0,3,0,1,0
747,0,4,0,1,0
748,0,2,0,1,0
749,0,3,3,1,0
750,0,2,1,1,0
751,0,3,0,1,0
752,0,1,1,1,0
753,0,2,0,1,0
754,0,4,0,1,0
755,0,3,1,1,0
756,0,4,0,1,0
757,1,3,0,2,1
758,1,5,0,2,1
759,1,4,0,2,1
760,0,3,1,2,0
761,0,3,1,2,0
762,0,2,2,2,0
763,0,2,0,2,0
764,0,7,0,2,0
765,0,3,0,2,0
766,0,5,0,2,0
767,0,4,1,2,0
768,0,0,1,2,0
769,0,2,0,2,0
770,0,2,1,2,0
771,0,3,0,2,0
772,0,1,1,2,0
773,0,4,0,2,0
774,0,4,0,2,0
775,0,7,1,2,0
776,0,4,1,2,0
777,0,4,0,2,0
778,0,3,1,2,0
779,0,3,1,2,0
780,0,6,1,2,0
781,0,2,2,2,0
782,0,3,0,2,0
783,0,3,0,2,0
784,0,4,0,2,0
785,0,0,1,2,0
786,0,2,0,2,0
787,0,5,0,2,0
788,0,2,0,2,0
789,0,3,1,2,0
790,0,4,0,2,0
791,0,6,0,2,0
792,0,5,0,2,0
793,0,2,0,2,0
794,0,2,0,2,0
795,0,3,0,2,0
796,0,3,0,2,0
797,0,3,1,2,0
798,0,4,0,2,0
799,0,1,0,2,0
800,0,6,0,2,0
801,0,6,0,2,0
802,0,2,0,2,0
803,0,4,0,2,0
804,0,4,0,2,0
805,0,0,0,2,0
806,0,3,1,2,0
807,0,4,0,2,0
808,0,7,0,2,0
809,0,3,1,2,0
810,0,3,1,2,0
811,0,3,0,2,0
812,0,3,0,2,0
813,0,8,0,2,0
814,0,2,0,2,0
815,0,5,2,2,0
816,0,2,1,2,0
817,0,6,0,2,0
818,0,2,0,2,0
819,0,3,0,2,0
820,0,2,0,2,0
821,0,2,0,2,0
822,0,4,0,2,0
823,0,2,1,2,0
824,0,4,0,2,0
825,0,5,0,2,0
826,0,5,0,2,0
827,0,4,0,2,0
828,0,6,1,2,0
829,0,5,1,2,0
830,0,2,0,2,0
831,0,3,0,2,0
832,0,0,0,2,0
833,0,2,0,2,0
834,0,4,0,2,0
835,0,4,2,2,0
836,0,4,0,2,0
837,0,2,1,2,0
838,0,3,1,2,0
839,0,5,0,2,0
840,0,1,0,2,0
841,0,6,0,2,0
842,0,3,0,2,0
843,0,3,1,2,0
844,0,6,1,2,0
845,0,5,1,2,0
846,0,4,0,2,0
847,0,5,1,2,0
848,0,0,0,2,0
849,0,4,0,2,0
850,0,3,1,2,0
851,0,3,1,2,0
852,0,4,0,2,0
853,0,2,1,2,0
854,0,3,0,2,0
855,0,3,0,2,0
856,0,3,0,2,0
857,0,4,0,2,0
858,0,5,1,2,0
859,0,6,0,2,0
860,0,3,0,2,0
861,0,6,0,2,0
862,0,1,0,2,0
863,0,7,0,2,0
864,0,4,0,2,0
865,0,2,0,2,0
866,0,3,1,2,0
867,0,5,0,2,0
868,0,3,2,2,0
869,0,5,0,2,0
870,0,0,1,2,0
871,0,4,1,2,0
872,0,4,0,2,0
873,0,3,0,2,0
874,0,4,0,2,0
875,0,4,1,2,0
876,0,2,3,2,0
877,0,2,0,2,0
878,0,2,0,2,0
879,0,5,0,2,0
880,0,5,0,2,0
881,0,4,1,2,0
882,0,4,0,2,0
883,0,3,0,2,0
884,0,8,0,2,0
885,0,6,0,2,0
886,0,5,1,2,0
887,0,4,0,2,0
888,0,4,1,1,0
889,0,2,0,1,0
890,0,3,0,1,0
891,0,4,0,1,0
892,0,3,1,1,0
893,0,5,1,1,0
894,0,5,0,1,0
895,0,4,0,1,0
896,0,6,0,1,0
897,0,2,0,1,0
898,0,3,0,1,0
899,0,4,3,1,0
900,0,3,0,1,0
901,0,1,0,1,0
902,0,6,0,1,0
903,0,4,1,1,0
904,0,5,0,1,0
905,0,3,0,1,0
906,0,4,0,1,0
907,0,5,1,1,0
908,0,8,1,1,0
909,0,2,0,1,0
910,0,4,1,1,0
911,0,6,0,1,0
912,0,1,0,1,0
913,0,4,0,1,0
914,0,2,0,1,0
915,0,4,0,1,0
916,0,3,1,1,0
917,0,5,0,1,0
918,0,5,0,1,0
919,0,2,0,1,0
920,0,4,0,1,0
921,0,5,3,1,0
922,0,7,0,1,0
923,0,7,0,1,0
924,0,5,0,1,0
925,0,1,1,1,0
926,0,3,1,1,0
927,0,3,0,1,0
928,0,2,1,1,0
929,0,2,0,1,0
930,0,5,2,1,0
931,0,4,0,1,0
932,0,4,1,1,0
933,0,5,2,1,0
934,0,3,0,1,0
935,0,7,0,1,0
936,0,3,2,1,0
937,0,5,0,1,0
938,0,5,2,1,0
939,0,5,0,1,0
940,0,3,0,1,0
941,0,1,0,1,0
942,0,5,0,1,0
943,0,1,0,1,0
944,0,3,0,1,0
945,0,4,0,1,0
946,0,6,0,1,0
947,0,4,0,1,0
948,0,5,1,1,0
949,0,2,1,1,0
950,0,3,2,1,0
951,0,3,2,1,0
952,0,1,1,1,0
953,0,4,0,1,0
954,0,4,0,1,0
955,0,5,0,1,0
956,0,1,1,1,0
957,0,4,0,1,0
958,0,2,0,1,0
959,0,2,1,1,0
960,0,3,0,1,0
961,0,3,1,1,0
962,0,1,2,1,0
963,0,2,1,1,0
964,0,4,1,1,0
965,0,2,0,1,0
966,0,3,1,1,0
967,0,3,2,1,0
968,0,4,0,1,0
969,0,6,0,1,0
970,0,2,0,1,0
971,0,3,1,1,0
972,0,2,1,1,0
973,0,4,1,1,0
974,0,5,0,1,0
975,0,5,1,1,0
976,0,0,1,1,0
977,0,2,3,1,0
978,0,4,1,1,0
979,0,3,0,1,0
980,0,2,0,1,0
981,0,3,0,1,0
982,0,4,0,1,0
983,0,1,0,1,0
984,0,3,0,1,0
985,0,5,0,1,0
986,0,6,0,1,0
987,0,4,0,1,0
988,0,2,0,1,0
989,0,2,0,1,0
990,0,3,0,1,0
991,0,3,0,1,0
992,0,2,1,1,0
993,0,5,1,1,0
994,0,3,1,1,0
995,0,3,1,1,0
996,0,4,0,1,0
997,0,5,0,1,0
998,0,4,1,1,0
999,0,4,1,1,0
1000,0,2,1,1,0
1001,0,4,0,1,0
1002,0,2,1,1,0
1003,0,5,0,1,0
1004,0,3,0,1,0
1005,0,1,0,1,0
1006,0,3,1,1,0
1007,0,3,0,1,0
1008,0,0,0,1,0
1009,0,4,0,1,0
1010,0,5,0,1,0
1011,0,7,0,1,0
1012,0,2,0,1,0
1013,0,2,0,1,0
1014,0,1,1,1,0
1015,0,4,0,1,0
1016,0,1,1,1,0
1017,0,8,0,1,0
1018,0,4,0,1,0
1019,0,7,0,1,0
1020,0,4,2,1,0
1021,0,6,3,1,0
1022,0,3,2,1,0
1023,0,5,2,1,0
1024,0,2,2,1,0
1025,0,3,0,1,0
1026,0,5,1,1,0
1027,0,1,1,1,0
1028,0,5,0,1,0
1029,0,8,0,1,0
1030,0,2,1,1,0
1031,0,1,1,1,0
1032,0,4,1,1,0
1033,0,3,0,1,0
1034,0,5,0,1,0
1035,0,1,2,1,0
1036,0,2,1,1,0
1037,0,2,0,1,0
1038,0,5,1,1,0
1039,0,3,0,1,0
1040,0,6,1,1,0
1041,0,3,0,1,0
1042,0,2,0,1,0
1043,0,2,0,1,0
1044,0,3,1,1,0
1045,0,5,0,1,0
1046,0,4,1,1,0
1047,0,1,1,1,0
1048,0,5,1,1,0
1049,0,5,2,1,0
1050,0,5,2,1,0
1051,0,1,0,1,0
1052,0,2,0,1,0
1053,0,3,0,1,0
1054,0,6,0,1,0
1055,0,5,0,1,0
1056,0,5,0,1,0
1057,0,3,0,1,0
1058,0,4,1,1,0
1059,0,5,1,1,0
1060,0,4,0,1,0
1061,0,4,1,0,0
1062,0,2,3,0,0
1063,0,1,0,0,0
1064,0,2,0,0,0
1065,0,2,0,0,0
1066,0,5,0,0,0
1067,0,6,0,0,0
1068,0,1,1,0,0
1069,0,4,0,0,0
1070,0,5,0,0,0
1071,0,4,1,0,0
1072,0,3,0,0,0
1073,0,3,1,0,0
1074,0,3,0,0,0
1075,0,3,0,0,0
1076,0,1,0,0,0
1077,0,4,0,0,0
1078,0,3,0,0,0
1079,0,1,0,0,0
1080,0,2,1,0,0
1081,0,5,0,0,0
1082,0,5,0,0,0
1083,0,2,0,0,0
1084,0,1,0,0,0
1085,0,2,0,0,0
1086,0,3,0,0,0
1087,0,5,2,0,0
1088,0,4,1,0,0
1089,0,5,2,0,0
1090,0,4,0,0,0
1091,0,5,0,0,0
1092,0,5,1,0,0
1093,0,0,2,0,0
1094,0,4,0,0,0
1095,0,4,1,0,0
1096,0,2,0,0,0
1097,0,5,1,0,0
1098,0,1,0,0,0
1099,0,2,0,0,0
1100,0,4,0,0,0
1101,0,3,0,0,0
1102,0,1,1,0,0
1103,0,4,0,0,0
1104,0,6,1,0,0
1105,0,2,0,0,0
1106,0,1,0,0,0
1107,0,5,0,0,0
1108,0,7,0,0,0
1109,0,4,0,0,0
1110,0,3,1,0,0
1111,0,4,1,0,0
1112,0,3,2,0,0
1113,0,2,1,0,0
1114,0,4,0,0,0
1115,0,1,0,0,0
1116,0,3,0,0,0
1117,0,5,0,0,0
1118,0,8,1,0,0
1119,0,6,1,0,0
1120,0,8,0,0,0
1121,0,3,1,0,0
1122,0,3,0,0,0
1123,0,4,0,0,0
1124,0,4,0,0,0
1125,0,4,0,0,0
1126,0,5,0,0,0
1127,0,4,0,0,0
1128,0,3,0,0,0
1129,0,6,0,0,0
1130,0,3,0,0,0
1131,0,3,0,0,0
1132,0,4,0,0,0
1133,0,1,1,0,0
1134,0,3,0,0,0
1135,0,2,0,0,0
1136,0,4,0,0,0
1137,0,1,0,0,0
1138,0,5,0,0,0
1139,0,5,0,0,0
1140,0,0,0,0,0
1141,0,3,1,0,0
1142,0,5,1,0,0
1143,0,6,0,0,0
1144,0,1,0,0,0
1145,1,5,1,1,1
1146,1,6,1,1,1
1147,1,7,0,1,1
1148,1,2,0,1,1
1149,1,8,0,1,1
1150,1,5,0,1,1
1151,1,6,0,1,1
1152,1,1,0,1,1
1153,1,5,0,1,1
1154,1,1,0,1,1
1155,1,2,1,1,1
1156,1,3,0,1,1
1157,1,1,0,1,1
1158,1,5,0,1,1
1159,1,2,0,1,1
1160,1,2,0,1,1
1161,1,8,0,1,1
1162,1,5,0,1,1
1163,1,4,0,1,1
1164,1,4,1,1,1
1165,1,3,0,1,1
1166,1,4,1,1,1
1167,1,3,0,1,1
1168,1,6,0,1,1
1169,1,4,0,1,1
1170,1,1,0,1,1
1171,1,2,3,1,1
1172,1,4,0,1,1
1173,1,1,0,1,1
1174,1,3,0,1,1
1175,1,6,0,1,1
1176,1,5,0,1,1
1177,1,0,0,1,1
1178,1,6,0,1,1
1179,1,0,0,1,1
1180,2,4,1,2,2
1181,2,3,1,2,2
1182,1,4,0,2,1
1183,1,4,0,2,1
1184,1,5,0,2,1
1185,1,1,1,2,1
1186,1,4,0,2,1
1187,1,10,0,2,1
1188,1,6,0,2,1
1189,1,4,0,2,1
1190,1,2,0,2,1
1191,1,2,1,2,1
1192,1,3,0,2,1
1193,1,2,1,2,1
1194,1,3,1,2,1
1195,1,1,0,2,1
1196,1,3,1,2,1
1197,1,5,0,2,1
1198,1,7,1,2,1
1199,1,6,0,2,1
1200,1,3,0,2,1
1201,1,4,0,2,1
1202,1,5,0,2,1
1203,1,5,1,2,1
1204,1,2,1,2,1
1205,1,4,1,2,1
1206,1,4,0,2,1
1207,1,4,2,2,1
1208,1,1,0,2,1
1209,1,2,0,2,1
1210,0,4,0,2,0
1211,0,5,0,2,0
1212,0,6,0,2,0
1213,0,3,1,2,0
1214,0,1,0,2,0
1215,0,5,0,2,0
1216,0,5,0,2,0
1217,0,3,0,2,0
1218,0,4,0,2,0
1219,0,3,0,2,0
1220,0,4,0,2,0
1221,0,4,0,2,0
1222,0,6,1,2,0
1223,0,5,0,2,0
1224,0,1,0,2,0
1225,0,5,1,2,0
1226,0,8,0,2,0
1227,0,1,1,2,0
1228,0,2,1,2,0
1229,0,3,0,2,0
1230,0,4,0,2,0
1231,0,4,0,2,0
1232,0,3,1,2,0
1233,0,3,1,2,0
1234,0,7,0,2,0
1235,0,4,0,2,0
1236,0,3,1,2,0
1237,0,0,0,2,0
1238,0,3,0,2,0
1239,0,8,0,2,0
1240,0,5,1,2,0
1241,0,3,1,2,0
1242,0,4,0,2,0
1243,0,5,0,2,0
1244,0,6,1,2,0
1245,0,0,1,2,0
1246,0,2,0,2,0
1247,0,2,0,2,0
1248,0,5,1,2,0
1249,0,4,0,2,0
1250,0,3,0,2,0
1251,0,4,0,2,0
1252,0,5,0,2,0
1253,0,5,0,2,0
1254,0,2,0,2,0
1255,0,5,0,2,0
1256,0,1,1,2,0
1257,0,5,2,2,0
1258,0,5,0,2,0
1259,0,7,0,2,0
1260,0,4,0,2,0
1261,0,2,0,2,0
1262,0,5,1,2,0
1263,0,3,1,2,0
1264,0,3,1,2,0
1265,0,6,0,2,0
1266,0,9,0,2,0
1267,0,4,0,2,0
1268,0,4,0,2,0
1269,0,3,1,2,0
1270,0,5,0,2,0
1271,0,7,2,2,0
1272,0,6,0,2,0
1273,0,0,0,2,0
1274,0,5,0,2,0
1275,0,2,0,2,0
1276,0,3,0,2,0
1277,0,6,1,2,0
1278,0,6,0,2,0
1279,0,4,2,2,0
1280,0,6,0,2,0
1281,0,3,0,2,0
1282,0,5,1,2,0
1283,0,4,0,2,0
1284,0,6,0,2,0
1285,0,3,0,2,0
1286,0,2,0,2,0
1287,0,6,0,2,0
1288,0,4,0,2,0
1289,0,2,0,2,0
1290,0,5,1,2,0
1291,0,3,1,2,0
1292,0,7,0,2,0
1293,0,2,1,2,0
1294,0,4,0,2,0
1295,0,3,0,2,0
1296,0,6,1,2,0
1297,0,4,0,2,0
1298,0,3,0,2,0
1299,0,2,0,2,0
1300,0,3,0,2,0
1301,0,5,0,2,0
1302,0,4,1,2,0
1303,0,4,0,2,0
1304,0,3,0,2,0
1305,0,4,0,2,0
1306,0,6,0,2,0
1307,0,5,1,2,0
1308,0,1,0,2,0
1309,0,1,1,2,0
1310,0,2,0,2,0
1311,0,3,0,2,0
1312,0,2,1,2,0
1313,0,2,0,2,0
1314,0,4,0,2,0
1315,0,2,1,2,0
1316,0,1,0,2,0
1317,0,4,2,2,0
1318,0,5,3,2,0
1319,0,1,1,2,0
1320,0,1,1,2,0
1321,0,6,0,2,0
1322,0,3,0,2,0
1323,0,8,0,2,0
1324,0,5,0,2,0
1325,0,7,0,2,0
1326,0,3,0,2,0
1327,0,7,1,2,0
1328,0,5,0,2,0
1329,0,7,0,2,0
1330,0,4,1,2,0
1331,0,8,0,2,0
1332,1,3,1,3,1
1333,1,5,1,3,1
1334,1,4,2,3,1
1335,1,8,2,3,1
1336,1,3,0,3,1
1337,1,6,1,3,1
1338,1,3,0,3,1
1339,1,4,0,3,1
1340,1,5,1,3,1
1341,1,4,0,3,1
1342,1,7,0,3,1
1343,1,4,0,3,1
1344,2,3,0,4,2
1345,1,5,0,4,1
1346,1,4,0,4,1
1347,1,7,0,4,1
1348,1,1,1,4,1
1349,1,4,0,4,1
1350,1,4,1,4,1
1351,1,6,0,4,1
1352,1,7,0,4,1
1353,2,1,1,5,2
1354,3,3,1,6,3
1355,3,5,1,6,3
1356,2,4,0,6,2
1357,2,4,0,6,2
1358,2,4,1,6,2
1359,2,6,0,6,2
1360,2,4,1,6,2
1361,2,5,0,6,2
1362,2,4,0,6,2
1363,2,8,0,6,2
1364,2,3,1,6,2
1365,2,5,0,6,2
1366,2,5,0,6,2
1367,2,1,0,6,2
1368,2,3,0,6,2
1369,2,6,1,6,2
1370,2,5,0,6,2
1371,2,5,0,6,2
1372,2,5,0,6,2
1373,2,2,0,6,2
1374,2,9,0,6,2
1375,3,8,0,7,3
1376,3,3,0,7,3
1377,3,8,1,7,3
1378,3,2,1,7,3
1379,3,6,0,7,3
1380,3,3,0,7,3
1381,3,6,0,7,3
1382,3,4,0,7,3
1383,3,2,0,7,3
1384,3,3,0,7,3
1385,3,7,0,7,3
1386,3,3,1,7,3
1387,3,4,0,7,3
1388,3,6,0,7,3
1389,3,3,0,7,3
1390,3,1,0,7,3
1391,2,4,0,7,2
1392,2,5,0,7,2
1393,2,6,2,7,2
1394,2,9,0,7,2
1395,2,5,0,7,2
1396,2,5,0,7,2
1397,1,2,1,7,1
1398,1,2,1,7,1
1399,0,9,0,7,0
1400,0,7,1,7,0
1401,0,3,0,7,0
1402,0,3,0,7,0
1403,0,5,0,7,0
1404,0,2,0,7,0
1405,0,6,0,7,0
1406,0,5,0,7,0
1407,0,2,0,7,0
1408,1,5,0,8,1
1409,1,4,1,8,1
1410,1,3,1,8,1
1411,1,2,0,8,1
1412,1,3,1,8,1
1413,1,3,0,8,1
1414,1,4,1,8,1
1415,1,3,1,8,1
1416,1,3,0,8,1
1417,1,5,0,8,1
1418,1,4,0,8,1
1419,1,2,1,8,1
1420,1,5,0,8,1
1421,1,5,0,8,1
1422,1,3,1,8,1
1423,1,4,0,8,1
1424,1,4,0,8,1
1425,1,5,0,8,1
1426,1,4,0,8,1
1427,1,8,0,8,1
1428,1,5,0,8,1
1429,1,1,0,8,1
1430,1,3,0,8,1
1431,1,6,0,8,1
1432,1,5,2,8,1
1433,1,3,0,8,1
1434,1,4,0,8,1
1435,1,4,1,8,1
1436,1,8,1,8,1
1437,1,7,0,8,1
1438,1,6,0,8,1
1439,1,4,0,8,1
1440,1,8,1,8,1
1441,1,2,1,8,1
1442,1,4,1,8,1
1443,1,5,0,8,1
1444,1,4,1,8,1
1445,0,7,0,8,0
1446,0,3,1,8,0
1447,0,4,0,8,0
1448,0,7,1,8,0
1449,0,10,0,8,0
1450,0,5,0,8,0
1451,0,2,0,8,0
1452,0,4,1,8,0
1453,0,4,0,8,0
1454,0,8,0,8,0
1455,0,10,0,8,0
1456,0,3,0,8,0
1457,0,3,0,8,0
1458,0,5,1,8,0
1459,0,4,0,8,0
1460,0,5,0,8,0
1461,0,7,0,8,0
1462,0,1,0,8,0
1463,0,7,0,8,0
1464,0,10,1,8,0
1465,0,5,0,8,0
1466,0,5,0,8,0
1467,0,3,0,8,0
1468,0,3,1,8,0
1469,1,4,0,9,1
1470,1,5,1,9,1
1471,1,4,0,9,1
1472,1,3,0,9,1
1473,0,7,0,9,0
1474,0,3,1,9,0
1475,0,6,1,9,0
1476,0,4,0,9,0
1477,0,8,0,9,0
1478,0,7,0,9,0
1479,0,4,0,9,0
1480,0,7,0,9,0
1481,0,2,3,9,0
1482,0,7,0,9,0
1483,0,3,0,8,0
1484,0,3,2,8,0
1485,0,4,0,8,0
1486,0,10,1,8,0
1487,0,2,0,8,0
1488,0,3,0,8,0
1489,0,8,0,8,0
1490,0,5,1,8,0
1491,0,6,0,8,0
1492,1,8,0,9,1
1493,1,7,0,9,1
1494,0,4,0,9,0
1495,0,7,1,9,0
1496,0,5,0,9,0
1497,0,3,0,9,0
1498,0,8,0,9,0
1499,0,3,0,9,0
1500,0,5,1,9,0
1501,0,6,1,9,0
1502,0,5,1,9,0
1503,0,4,0,9,0
1504,0,5,1,9,0
1505,0,7,0,9,0
1506,0,2,0,9,0
1507,0,4,1,9,0
1508,0,6,0,9,0
1509,0,5,2,9,0
1510,0,7,0,9,0
1511,0,6,0,8,0
1512,0,6,0,8,0
1513,0,7,0,8,0
1514,0,4,0,8,0
1515,0,4,1,8,0
1516,0,6,1,8,0
1517,0,5,2,8,0
1518,0,5,3,8,0
1519,0,5,2,8,0
1520,0,6,0,8,0
1521,0,4,2,8,0
1522,0,8,1,8,0
1523,0,3,1,8,0
1524,0,5,0,8,0
1525,0,5,0,8,0
1526,0,2,0,8,0
1527,0,6,0,8,0
1528,1,11,1,9,1
1529,1,2,0,9,1
1530,1,4,1,9,1
1531,2,3,0,10,2
1532,2,7,0,10,2
1533,2,4,0,10,2
1534,2,3,1,10,2
1535,2,5,0,10,2
1536,2,1,1,10,2
1537,2,8,0,10,2
1538,2,5,0,10,2
1539,2,4,0,10,2
1540,2,5,0,10,2
1541,2,3,0,10,2
1542,2,7,0,10,2
1543,2,6,0,10,2
1544,2,7,1,10,2
1545,2,6,1,10,2
1546,2,1,1,10,2
1547,3,9,3,11,3
1548,3,4,2,11,3
1549,3,8,2,11,3
1550,3,4,1,11,3
1551,3,7,0,11,3
1552,2,4,2,11,2
1553,2,3,0,11,2
1554,2,4,0,11,2
1555,2,5,1,11,2
1556,2,7,1,11,2
1557,2,5,0,11,2
1558,2,3,1,11,2
1559,2,7,0,11,2
1560,1,7,0,11,1
1561,1,4,0,11,1
1562,1,7,0,11,1
1563,1,2,0,11,1
1564,1,8,0,11,1
1565,1,3,1,11,1
1566,1,4,0,11,1
1567,1,6,0,11,1
1568,1,2,1,11,1
1569,0,5,0,11,0
1570,0,4,0,11,0
1571,0,5,0,11,0
1572,0,1,0,11,0
1573,0,1,2,11,0
1574,0,7,1,11,0
1575,0,3,2,11,0
1576,0,3,2,11,0
1577,0,7,2,11,0
1578,0,9,1,11,0
1579,0,4,0,11,0
1580,0,7,0,11,0
1581,0,2,0,11,0
1582,0,2,0,11,0
1583,0,4,1,11,0
1584,0,8,0,11,0
1585,0,2,0,11,0
1586,0,5,0,11,0
1587,0,7,0,11,0
1588,0,6,0,11,0
1589,0,3,0,11,0
1590,0,6,1,11,0
1591,0,3,0,11,0
1592,0,5,0,11,0
1593,0,8,0,11,0
1594,0,5,1,11,0
1595,0,2,1,11,0
1596,0,9,1,11,0
1597,0,5,1,11,0
1598,0,4,0,11,0
1599,0,5,1,11,0
1600,0,5,1,11,0
1601,0,10,0,11,0
1602,0,5,0,11,0
1603,0,5,0,11,0
1604,0,6,0,11,0
1605,0,1,0,11,0
1606,0,4,0,11,0
1607,0,10,1,11,0
1608,0,12,0,11,0
1609,0,6,0,11,0
1610,0,4,0,11,0
1611,0,8,0,11,0
1612,0,4,0,11,0
1613,0,9,0,11,0
1614,0,4,1,11,0
1615,0,6,0,11,0
1616,0,4,0,11,0
1617,0,6,1,11,0
1618,0,5,0,11,0
1619,0,6,0,11,0
1620,0,8,0,11,0
1621,0,4,0,11,0
1622,0,6,0,11,0
1623,0,1,0,11,0
1624,0,2,0,11,0
1625,0,4,0,11,0
1626,0,7,0,11,0
1627,0,5,0,11,0
1628,0,5,0,11,0
1629,0,2,0,11,0
1630,0,8,0,11,0
1631,0,6,2,11,0
1632,0,3,1,11,0
1633,0,7,0,11,0
1634,0,4,0,11,0
1635,0,5,0,11,0
1636,0,0,0,11,0
1637,0,6,0,11,0
1638,0,2,0,11,0
1639,0,4,0,11,0
1640,0,5,0,11,0
1641,0,4,0,11,0
1642,0,8,0,11,0
1643,0,5,0,11,0
1644,0,4,0,11,0
1645,0,6,0,11,0
1646,0,5,0,10,0
1647,0,5,0,10,0
1648,0,6,0,10,0
1649,0,5,0,10,0
1650,0,5,0,10,0
1651,0,6,0,10,0
1652,0,8,1,10,0
1653,0,4,0,10,0
1654,0,10,0,10,0
1655,0,5,1,10,0
1656,0,2,0,10,0
1657,0,5,0,9,0
1658,0,7,0,9,0
1659,0,5,0,9,0
1660,0,8,0,9,0
1661,0,7,0,9,0
1662,0,5,0,9,0
1663,0,8,0,9,0
1664,0,3,0,9,0
1665,0,6,1,9,0
1666,0,5,2,9,0
1667,0,2,0,9,0
1668,0,8,1,9,0
1669,0,4,2,9,0
1670,0,7,0,9,0
1671,0,5,0,9,0
1672,0,1,2,9,0
1673,0,7,0,9,0
1674,0,4,0,9,0
1675,0,3,0,9,0
1676,0,6,1,9,0
1677,0,6,0,9,0
1678,0,8,1,9,0
1679,0,1,0,9,0
1680,0,6,0,9,0
1681,0,4,1,9,0
1682,0,4,0,9,0
1683,0,4,1,9,0
1684,0,5,0,9,0
1685,0,4,0,9,0
1686,0,9,1,9,0
1687,0,4,0,9,0
1688,0,4,0,9,0
1689,0,7,0,9,0
1690,0,4,0,9,0
1691,0,5,0,9,0
1692,0,8,1,8,0
1693,0,6,1,8,0
1694,0,6,1,8,0
1695,0,4,1,8,0
1696,0,4,0,8,0
1697,0,8,0,8,0
1698,0,5,0,7,0
1699,0,6,0,7,0
1700,0,6,0,6,0
1701,0,5,1,6,0
1702,0,5,0,6,0
1703,0,4,0,6,0
1704,0,2,0,6,0
1705,0,5,0,6,0
1706,0,8,0,6,0
1707,0,8,0,6,0
1708,0,7,0,6,0
1709,0,3,0,6,0
1710,0,5,1,6,0
1711,0,4,0,6,0
1712,0,5,0,6,0
1713,0,3,0,6,0
1714,0,2,1,6,0
1715,0,5,0,6,0
1716,0,4,0,6,0
1717,0,6,0,6,0
1718,0,3,0,6,0
1719,0,3,0,6,0
1720,0,3,0,6,0
1721,0,5,1,6,0
1722,0,5,1,6,0
1723,0,5,1,6,0
1724,0,8,0,6,0
1725,0,4,0,6,0
1726,0,8,0,6,0
1727,0,6,0,6,0
1728,0,6,0,6,0
1729,0,4,1,6,0
1730,0,9,0,6,0
1731,0,6,0,6,0
1732,0,4,0,6,0
1733,0,8,0,6,0
1734,0,9,0,6,0
1735,0,3,0,6,0
1736,0,5,0,6,0
1737,0,9,0,6,0
1738,0,8,0,6,0
1739,0,7,1,6,0
1740,0,6,1,6,0
1741,0,5,0,6,0
1742,0,4,0,6,0
1743,0,7,0,6,0
1744,0,7,0,6,0
1745,0,10,1,6,0
1746,0,3,0,5,0
1747,0,6,1,5,0
1748,0,4,0,5,0
1749,0,2,0,5,0
1750,0,5,0,5,0
1751,0,7,1,5,0
1752,0,6,0,5,0
1753,0,3,0,5,0
1754,0,8,0,5,0
1755,0,8,0,5,0
1756,0,6,0,5,0
1757,0,6,0,5,0
1758,0,1,0,5,0
1759,0,3,0,5,0
1760,0,4,1,5,0
1761,0,3,2,5,0
1762,0,7,2,5,0
1763,1,5,1,6,1
1764,1,6,0,6,1
1765,1,4,1,6,1
1766,1,4,0,6,1
1767,1,3,0,6,1
1768,1,2,0,6,1
1769,1,9,0,6,1
1770,1,3,1,6,1
1771,1,4,1,6,1
1772,1,4,0,6,1
1773,1,9,0,6,1
1774,1,8,1,5,1
1775,1,5,0,5,1
1776,0,9,0,5,0
1777,0,5,1,5,0
1778,0,6,0,5,0
1779,0,4,1,5,0
1780,0,3,0,5,0
1781,0,6,0,5,0
1782,0,6,0,5,0
1783,0,4,0,5,0
1784,0,3,0,5,0
1785,0,11,0,5,0
1786,0,3,0,5,0
1787,0,9,0,5,0
1788,0,4,0,5,0
1789,0,5,0,5,0
1790,0,8,0,5,0
1791,0,3,0,5,0
1792,0,6,0,5,0
1793,0,4,0,5,0
1794,0,6,1,5,0
1795,0,8,0,4,0
1796,0,7,0,4,0
1797,0,6,1,4,0
1798,0,4,1,4,0
1799,0,8,0,4,0
1800,0,3,1,4,0
1801,0,5,0,4,0
1802,0,8,1,4,0
1803,0,1,0,4,0
1804,0,9,0,4,0
1805,0,8,0,4,0
1806,0,4,0,4,0
1807,0,3,0,4,0
1808,0,5,0,4,0
1809,0,5,0,4,0
1810,0,5,0,4,0
1811,0,6,0,4,0
1812,0,4,0,4,0
1813,0,5,0,4,0
1814,0,5,0,4,0
1815,0,6,0,4,0
1816,0,6,0,4,0
1817,0,5,0,4,0
1818,0,8,0,4,0
1819,0,6,0,4,0
1820,0,5,1,4,0
1821,0,6,0,4,0
1822,0,9,0,4,0
1823,0,4,0,4,0
1824,0,9,0,4,0
1825,0,7,0,4,0
1826,0,6,0,4,0
1827,0,5,0,4,0
1828,0,6,0,4,0
1829,0,10,0,4,0
1830,0,12,1,4,0
1831,0,9,0,4,0
1832,0,6,0,4,0
1833,0,4,0,4,0
1834,0,11,1,4,0
1835,0,7,0,4,0
1836,0,6,0,4,0
1837,0,6,1,4,0
1838,0,1,0,4,0
1839,0,6,0,4,0
1840,0,3,0,4,0
1841,0,10,0,4,0
1842,0,8,0,4,0
1843,0,3,0,4,0
1844,0,3,0,4,0
1845,0,5,0,4,0
1846,0,5,1,4,0
1847,0,2,1,4,0
1848,0,2,0,4,0
1849,0,5,0,4,0
1850,0,4,0,4,0
1851,0,5,0,4,0
1852,0,1,0,4,0
1853,0,11,0,3,0
1854,0,3,0,3,0
1855,0,4,0,3,0
1856,0,7,0,3,0
1857,0,7,1,3,0
1858,0,2,1,3,0
1859,0,5,1,3,0
1860,0,4,0,3,0
1861,0,3,0,2,0
1862,0,2,0,2,0
1863,0,4,0,2,0
1864,0,4,0,2,0
1865,0,3,1,2,0
1866,0,3,0,2,0
1867,0,7,0,2,0
1868,0,2,0,2,0
1869,0,8,1,2,0
1870,0,6,1,1,0
1871,0,0,1,1,0
1872,0,7,1,1,0
1873,0,4,0,1,0
1874,0,3,0,1,0
1875,0,5,0,1,0
1876,0,6,1,1,0
1877,0,5,1,1,0
1878,0,3,0,1,0
1879,0,7,2,1,0
1880,0,5,1,1,0
1881,0,6,0,1,0
1882,0,4,1,1,0
1883,0,2,1,1,0
1884,0,8,2,1,0
1885,0,3,1,1,0
1886,0,7,0,1,0
1887,0,3,1,1,0
1888,0,8,2,1,0
1889,0,5,1,1,0
1890,0,7,0,1,0
1891,0,6,0,1,0
1892,0,2,0,1,0
1893,0,9,1,1,0
1894,0,4,0,1,0
1895,0,6,0,1,0
1896,0,6,0,1,0
1897,0,5,0,1,0
1898,0,4,0,1,0
1899,0,5,0,1,0
1900,0,6,0,1,0
1901,0,7,0,1,0
1902,0,4,0,1,0
1903,0,7,0,1,0
1904,0,7,0,1,0
1905,0,6,0,1,0
1906,0,4,0,1,0
1907,0,4,0,1,0
1908,0,6,0,1,0
1909,0,6,0,1,0
1910,0,5,1,1,0
1911,0,4,2,1,0
1912,0,5,0,1,0
1913,0,7,1,1,0
1914,0,5,1,1,0
1915,0,4,1,1,0
1916,0,8,2,1,0
1917,1,7,1,2,1
1918,1,4,0,2,1
1919,1,8,0,2,1
1920,1,6,0,2,1
1921,1,6,1,2,1
1922,1,6,0,2,1
1923,1,6,0,2,1
1924,1,6,0,2,1
1925,1,7,0,2,1
1926,1,1,0,2,1
1927,1,6,0,2,1
1928,1,6,0,2,1
1929,1,7,0,2,1
1930,1,2,0,2,1
1931,1,9,0,2,1
1932,1,9,0,2,1
1933,1,3,0,2,1
1934,1,3,0,2,1
1935,0,5,1,2,0
1936,0,10,0,2,0
1937,0,7,0,2,0
1938,0,9,0,2,0
1939,0,6,0,2,0
1940,0,4,0,2,0
1941,0,3,0,2,0
1942,0,9,0,2,0
1943,0,6,0,2,0
1944,0,1,0,2,0
1945,0,6,0,2,0
1946,0,8,0,2,0
1947,0,1,0,2,0
1948,0,4,1,2,0
1949,0,9,3,2,0
1950,0,4,0,2,0
1951,0,2,0,2,0
1952,0,6,0,2,0
1953,0,5,1,2,0
1954,0,4,1,2,0
1955,0,7,1,2,0
1956,0,2,0,2,0
1957,0,4,0,2,0
1958,0,2,1,2,0
1959,0,5,1,2,0
1960,0,3,1,2,0
1961,0,5,0,2,0
1962,0,8,0,2,0
1963,0,7,2,2,0
1964,0,6,1,2,0
1965,0,6,1,2,0
1966,0,4,0,2,0
1967,0,7,1,2,0
1968,0,10,0,2,0
1969,0,3,0,2,0
1970,0,5,0,2,0
1971,0,11,0,2,0
1972,0,4,0,2,0
1973,0,3,0,2,0
1974,0,6,1,2,0
1975,0,7,0,2,0
1976,0,3,1,2,0
1977,0,6,0,2,0
1978,0,5,0,2,0
1979,0,8,0,2,0
1980,0,6,0,2,0
1981,0,6,0,2,0
1982,0,7,0,2,0
1983,0,4,0,2,0
1984,0,6,1,2,0
1985,0,4,0,2,0
1986,0,9,1,2,0
1987,0,8,0,2,0
1988,0,5,0,2,0
1989,0,5,1,2,0
1990,0,5,0,2,0
1991,0,3,0,2,0
1992,0,9,0,2,0
1993,0,3,0,2,0
1994,0,4,0,2,0
1995,0,6,0,2,0
1996,0,6,0,2,0
1997,0,4,0,2,0
1998,0,4,0,2,0
1999,0,3,2,2,0
2000,0,3,1,2,0
2001,0,5,0,2,0
2002,0,5,0,2,0
2003,0,3,0,2,0
2004,0,4,0,2,0
2005,0,6,0,2,0
2006,0,5,1,2,0
2007,0,4,0,2,0
2008,0,7,0,2,0
2009,0,3,1,2,0
2010,0,8,0,2,0
2011,0,6,0,2,0
2012,0,7,0,2,0
2013,0,7,1,2,0
2014,0,4,1,2,0
2015,0,7,0,2,0
2016,0,5,0,2,0
2017,0,3,0,2,0
2018,0,8,1,2,0
2019,0,9,0,2,0
2020,0,9,0,2,0
2021,0,6,0,2,0
2022,0,5,0,2,0
2023,0,4,0,2,0
2024,0,7,0,2,0
2025,0,7,0,2,0
2026,0,5,0,2,0
2027,0,4,0,2,0
2028,0,4,1,2,0
2029,0,8,1,2,0
2030,0,5,0,2,0
2031,0,4,0,2,0
2032,0,6,0,2,0
2033,0,5,1,2,0
2034,0,7,0,2,0
2035,0,7,0,2,0
2036,0,7,0,2,0
2037,0,7,0,2,0
2038,0,8,0,2,0
2039,0,5,0,2,0
2040,0,3,0,2,0
2041,0,10,0,2,0
2042,0,7,0,2,0
2043,0,3,1,2,0
2044,0,5,0,2,0
2045,0,5,0,2,0
2046,0,2,0,2,0
2047,0,6,0,2,0
2048,0,5,0,2,0
2049,0,6,1,2,0
2050,0,9,1,2,0
2051,0,6,0,2,0
2052,0,8,1,2,0
2053,0,13,0,2,0
2054,0,9,1,2,0
2055,0,7,0,2,0
2056,0,7,0,2,0
2057,0,10,1,2,0
2058,0,9,0,2,0
2059,0,8,0,2,0
2060,0,7,0,2,0
2061,0,6,0,2,0
2062,0,8,0,2,0
2063,0,7,0,2,0
2064,0,4,0,2,0
2065,0,5,0,2,0
2066,0,11,0,2,0
2067,0,4,0,2,0
2068,0,2,0,2,0
2069,0,7,0,2,0
2070,0,3,0,2,0
2071,0,4,0,2,0
2072,0,7,0,2,0
2073,0,6,0,2,0
2074,0,5,1,2,0
2075,0,4,1,2,0
2076,0,6,0,2,0
2077,0,6,0,1,0
2078,0,2,1,1,0
2079,0,4,0,1,0
2080,0,8,1,1,0
2081,0,7,0,1,0
2082,0,11,0,1,0
2083,0,0,0,1,0
2084,0,8,0,1,0
2085,0,7,0,1,0
2086,0,6,0,1,0
2087,0,7,0,1,0
2088,0,7,0,1,0
2089,0,9,0,1,0
2090,0,6,1,1,0
2091,0,4,0,1,0
2092,0,4,0,1,0
2093,0,7,0,1,0
2094,0,3,1,1,0
2095,0,4,0,1,0
2096,0,5,0,1,0
2097,0,4,1,1,0
2098,0,5,0,1,0
2099,0,8,0,1,0
2100,0,9,0,1,0
2101,0,9,1,1,0
2102,0,6,1,1,0
2103,0,6,0,1,0
2104,0,7,0,1,0
2105,0,5,0,1,0
2106,0,7,0,1,0
2107,0,5,1,1,0
2108,0,7,0,1,0
2109,0,7,0,1,0
2110,0,11,0,1,0
2111,0,9,1,1,0
2112,0,4,0,1,0
2113,0,8,0,1,0
2114,0,7,0,1,0
2115,0,6,1,1,0
2116,0,4,1,1,0
2117,0,3,1,1,0
2118,0,1,1,1,0
2119,0,5,0,1,0
2120,0,10,0,1,0
2121,0,2,1,1,0
2122,0,5,0,1,0
2123,0,3,0,1,0
2124,0,5,0,1,0
2125,0,3,0,1,0
2126,0,5,0,1,0
2127,0,4,0,1,0
2128,0,7,0,1,0
2129,0,4,1,1,0
2130,0,4,0,1,0
2131,0,8,0,1,0
2132,0,2,1,1,0
2133,0,7,0,1,0
2134,0,6,0,1,0
2135,0,7,0,1,0
2136,0,5,0,1,0
2137,0,2,1,1,0
2138,0,4,0,1,0
2139,0,12,0,1,0
2140,0,5,0,1,0
2141,0,4,0,1,0
2142,0,7,0,1,0
2143,0,8,0,1,0
2144,0,1,0,1,0
2145,0,5,0,1,0
2146,0,8,0,1,0
2147,0,6,1,1,0
2148,0,6,0,1,0
2149,0,6,0,1,0
2150,0,3,0,1,0
2151,0,4,0,1,0
2152,0,6,1,1,0
2153,0,11,0,1,0
2154,0,5,0,1,0
2155,0,4,0,1,0
2156,0,6,0,1,0
2157,0,5,1,1,0
2158,0,5,2,1,0
2159,0,4,0,1,0
2160,0,1,0,1,0
2161,0,7,0,1,0
2162,0,6,0,1,0
2163,0,3,0,1,0
2164,0,3,1,1,0
2165,0,4,0,1,0
2166,0,5,0,1,0
2167,0,8,0,1,0
2168,0,8,1,1,0
2169,0,5,0,1,0
2170,0,9,0,1,0
2171,0,6,0,1,0
2172,0,5,1,1,0
2173,0,6,1,1,0
2174,0,9,1,1,0
2175,0,8,0,1,0
2176,0,8,0,1,0
2177,0,6,0,1,0
2178,0,5,0,1,0
2179,0,5,0,1,0
2180,0,3,0,1,0
2181,0,6,0,1,0
2182,0,7,0,1,0
2183,0,6,0,1,0
2184,0,8,0,1,0
2185,0,6,0,1,0
2186,0,6,0,1,0
2187,0,3,0,1,0
2188,0,5,0,1,0
2189,0,3,1,1,0
2190,0,6,1,1,0
2191,0,5,0,1,0
2192,0,6,0,1,0
2193,0,6,0,1,0
2194,0,6,1,1,0
2195,0,6,0,1,0
2196,0,4,0,1,0
2197,0,5,0,1,0
2198,0,4,0,1,0
2199,0,7,0,1,0
2200,0,8,0,1,0
2201,0,4,0,1,0
2202,0,12,0,1,0
2203,0,7,0,1,0
2204,0,3,1,1,0
2205,0,4,1,1,0
2206,0,5,1,1,0
2207,0,7,0,1,0
2208,0,9,1,1,0
2209,0,8,0,1,0
2210,0,4,0,1,0
2211,0,5,0,1,0
2212,0,8,1,1,0
2213,0,7,0,1,0
2214,0,10,0,1,0
2215,0,4,0,1,0
2216,0,6,0,1,0
2217,0,5,0,1,0
2218,0,6,1,1,0
2219,0,8,0,1,0
2220,0,6,0,1,0
2221,0,7,0,1,0
2222,0,3,0,1,0
2223,0,8,0,1,0
2224,0,6,1,1,0
2225,0,4,1,1,0
2226,0,8,0,1,0
2227,0,7,0,1,0
2228,0,6,0,1,0
2229,0,5,1,1,0
2230,0,2,0,1,0
2231,0,4,0,1,0
2232,0,6,0,1,0
2233,0,2,0,1,0
2234,0,8,1,1,0
2235,0,7,0,1,0
2236,0,6,0,0,0
2237,0,5,0,0,0
2238,0,7,0,0,0
2239,0,7,0,0,0
2240,0,7,0,0,0
2241,0,6,0,0,0
2242,0,9,0,0,0
2243,0,2,0,0,0
2244,0,8,0,0,0
2245,0,5,0,0,0
2246,0,10,0,0,0
2247,0,2,0,0,0
2248,0,2,0,0,0
2249,0,2,0,0,0
2250,0,5,0,0,0
2251,0,7,0,0,0
2252,0,7,0,0,0
2253,0,7,0,0,0
2254,0,5,0,0,0
2255,0,5,0,0,0
2256,0,5,0,0,0
2257,0,4,0,0,0
2258,0,8,0,0,0
2259,0,6,0,0,0
2260,0,7,0,0,0
2261,0,6,1,0,0
2262,0,4,1,0,0
2263,0,5,1,0,0
2264,0,6,0,0,0
2265,0,4,0,0,0
2266,0,7,0,0,0
2267,0,6,0,0,0
2268,0,4,0,0,0
2269,0,5,0,0,0
2270,0,8,2,0,0
2271,0,6,0,0,0
2272,0,2,1,0,0
2273,0,8,0,0,0
2274,0,4,0,0,0
2275,0,6,0,0,0
2276,0,6,0,0,0
2277,0,4,0,0,0
2278,0,8,0,0,0
2279,0,6,0,0,0
2280,0,6,0,0,0
2281,0,6,0,0,0
2282,0,6,0,0,0
2283,0,7,0,0,0
2284,0,4,0,0,0
2285,0,7,0,0,0
2286,0,6,0,0,0
2287,0,4,0,0,0
2288,0,7,0,0,0
2289,0,5,1,0,0
2290,0,3,2,0,0
2291,0,3,0,0,0
2292,0,4,0,0,0
2293,0,6,0,0,0
2294,0,3,0,0,0
2295,0,5,0,0,0
2296,0,3,0,0,0
2297,0,4,0,0,0
2298,0,2,0,0,0
2299,0,6,1,0,0
2300,0,6,0,0,0
2301,0,7,1,0,0
2302,0,7,0,0,0
2303,0,8,0,0,0
2304,0,6,1,0,0
2305,0,2,1,0,0
2306,0,3,1,0,0
2307,0,3,0,0,0
2308,0,5,0,0,0
2309,0,9,0,0,0
2310,0,3,0,0,0
2311,0,8,0,0,0
2312,0,6,0,0,0
2313,0,1,0,0,0
2314,0,6,0,0,0
2315,0,7,0,0,0
2316,0,8,0,0,0
2317,0,8,0,0,0
2318,0,3,1,0,0
2319,0,5,0,0,0
2320,0,5,0,0,0
2321,0,6,1,0,0
2322,0,7,0,0,0
2323,0,3,0,0,0
2324,0,6,1,0,0
2325,0,7,0,0,0
2326,0,9,0,0,0
2327,0,9,0,0,0
2328,0,2,1,0,0
2329,0,4,2,0,0
2330,0,4,0,0,0
2331,0,7,1,0,0
2332,0,7,0,0,0
2333,0,11,0,0,0
2334,0,5,0,0,0
2335,0,6,0,0,0
2336,0,4,0,0,0
2337,0,6,0,0,0
2338,0,3,0,0,0
2339,0,7,0,0,0
2340,0,5,0,0,0
2341,0,1,0,0,0
2342,0,4,1,0,0
2343,0,5,0,0,0
2344,0,7,0,0,0
2345,0,7,0,0,0
2346,0,5,0,0,0
2347,0,3,1,0,0
2348,0,9,1,0,0
2349,0,8,1,0,0
2350,0,8,1,0,0
2351,0,1,1,0,0
2352,0,5,0,0,0
2353,0,4,0,0,0
2354,0,7,0,0,0
2355,0,4,0,0,0
2356,0,10,0,0,0
2357,0,8,0,0,0
2358,0,9,0,0,0
2359,0,6,0,0,0
2360,0,10,1,0,0
2361,0,8,0,0,0
2362,0,4,0,0,0
2363,0,6,0,0,0
2364,0,5,0,0,0
2365,0,5,0,0,0
2366,0,6,0,0,0
2367,0,3,0,0,0
2368,0,4,0,0,0
2369,0,10,1,0,0
2370,0,9,0,0,0
2371,0,8,0,0,0
2372,0,10,2,0,0
2373,0,5,0,0,0
2374,0,6,1,0,0
2375,0,2,0,0,0
2376,0,5,0,0,0
2377,0,3,1,0,0
2378,0,9,0,0,0
2379,0,11,0,0,0
2380,0,6,0,0,0
2381,0,2,0,0,0
2382,0,7,0,0,0
2383,0,0,0,0,0
2384,0,2,0,0,0
2385,0,5,0,0,0
2386,0,7,0,0,0
2387,0,0,0,0,0
2388,0,4,0,0,0
2389,0,8,0,0,0
2390,0,9,1,0,0
2391,0,3,0,0,0
2392,0,9,0,0,0
2393,0,10,1,0,0
2394,0,4,0,0,0
2395,0,5,0,0,0
2396,0,5,0,0,0
2397,0,5,0,0,0
2398,0,4,0,0,0
2399,0,7,0,0,0
2400,0,8,0,0,0
2401,0,7,0,0,0
2402,0,4,0,0,0
2403,0,7,0,0,0
2404,0,5,1,0,0
2405,0,4,1,0,0
2406,0,5,0,0,0
2407,0,6,0,0,0
2408,0,6,1,0,0
2409,0,4,0,0,0
2410,0,5,0,0,0
2411,0,6,0,0,0
2412,0,5,0,0,0
2413,0,5,0,0,0
2414,0,3,1,0,0
2415,0,6,0,0,0
2416,0,6,0,0,0
2417,0,6,1,0,0
2418,0,6,0,0,0
2419,0,4,0,0,0
2420,0,3,0,0,0
2421,0,5,0,0,0
2422,0,4,0,0,0
2423,0,5,0,0,0
2424,0,7,0,0,0
2425,0,9,0,0,0
2426,0,3,0,0,0
2427,0,6,0,0,0
2428,0,11,0,0,0
2429,0,6,0,0,0
2430,0,4,0,0,0
2431,0,6,0,0,0
2432,0,5,0,0,0
2433,0,7,0,0,0
2434,0,6,0,0,0
2435,0,2,1,0,0
2436,0,2,1,0,0
2437,0,4,0,0,0
2438,0,5,0,0,0
2439,0,5,1,0,0
2440,0,9,0,0,0
2441,0,2,0,0,0
2442,0,8,0,0,0
2443,0,4,0,0,0
2444,0,6,0,0,0
2445,0,2,0,0,0
2446,0,6,0,0,0
2447,0,5,0,0,0
2448,0,7,0,0,0
2449,0,7,0,0,0
2450,0,7,0,0,0
2451,0,5,1,0,0
2452,0,4,1,0,0
2453,0,5,0,0,0
2454,0,7,1,0,0
2455,0,4,0,0,0
2456,0,6,0,0,0
2457,0,4,0,0,0
2458,0,5,0,0,0
2459,0,4,0,0,0
2460,0,9,0,0,0
2461,0,3,0,0,0
2462,0,6,1,0,0
2463,0,5,0,0,0
2464,0,5,0,0,0
2465,0,6,0,0,0
2466,0,7,1,0,0
2467,0,5,1,0,0
2468,0,4,0,0,0
2469,0,4,0,0,0
2470,0,8,0,0,0
2471,0,7,0,0,0
2472,0,6,0,0,0
2473,0,4,0,0,0
2474,0,7,0,0,0
2475,0,6,1,0,0
2476,0,8,1,0,0
2477,0,7,1,0,0
2478,0,6,0,0,0
2479,0,4,1,0,0
2480,0,7,0,0,0
2481,0,9,0,0,0
2482,0,5,0,0,0
2483,0,11,0,0,0
2484,0,8,1,0,0
2485,0,10,0,0,0
2486,0,4,0,0,0
2487,0,9,1,0,0
2488,0,8,0,0,0
2489,0,6,0,0,0
2490,0,6,0,0,0
2491,0,8,0,0,0
2492,0,5,0,0,0
2493,0,8,0,0,0
2494,0,4,0,0,0
2495,0,5,0,0,0
2496,0,6,0,0,0
2497,0,4,0,0,0
2498,0,6,0,0,0
2499,0,7,1,0,0
2500,0,3,1,0,0
2501,0,4,1,0,0
2502,0,3,0,0,0
2503,0,3,0,0,0
2504,0,2,1,0,0
2505,0,6,1,0,0
2506,0,3,0,0,0
2507,0,6,0,0,0
2508,0,7,0,0,0
2509,0,8,0,0,0
2510,0,9,1,0,0
2511,0,4,1,0,0
2512,0,2,0,0,0
2513,0,9,1,0,0
2514,0,7,1,0,0
2515,0,7,0,0,0
2516,0,5,0,0,0
2517,0,7,0,0,0
2518,0,6,0,0,0
2519,0,7,0,0,0
2520,0,4,2,0,0
2521,0,3,1,0,0
2522,0,8,0,0,0
2523,0,6,0,0,0
2524,0,2,1,0,0
2525,0,7,0,0,0
2526,0,4,0,0,0
2527,0,4,0,0,0
2528,0,8,1,0,0
2529,0,5,0,0,0
2530,0,5,0,0,0
2531,0,6,0,0,0
2532,0,4,0,0,0
2533,0,9,0,0,0
2534,0,5,1,0,0
2535,0,2,0,0,0
2536,0,4,0,0,0
2537,0,4,0,0,0
2538,0,6,0,0,0
2539,0,7,1,0,0
2540,0,3,1,0,0
2541,0,8,0,0,0
2542,0,6,0,0,0
2543,0,5,0,0,0
2544,0,5,1,0,0
2545,0,4,0,0,0
2546,0,2,0,0,0
2547,0,6,0,0,0
2548,0,5,0,0,0
2549,0,8,1,0,0
2550,0,6,0,0,0
2551,0,5,0,0,0
2552,0,7,1,0,0
2553,0,5,0,0,0
2554,0,3,0,0,0
2555,0,8,0,0,0
2556,0,2,0,0,0
2557,0,9,0,0,0
2558,0,5,0,0,0
2559,0,6,0,0,0
2560,0,6,1,0,0
2561,0,5,2,0,0
2562,0,7,0,0,0
2563,0,9,1,0,0
2564,0,9,0,0,0
2565,0,3,0,0,0
2566,0,8,0,0,0
2567,0,5,0,0,0
2568,0,7,0,0,0
2569,0,6,0,0,0
2570,0,2,0,0,0
2571,0,5,0,0,0
2572,0,4,1,0,0
2573,0,5,0,0,0
2574,0,10,0,0,0
2575,0,10,0,0,0
2576,0,6,0,0,0
2577,0,5,1,0,0
2578,0,5,0,0,0
2579,0,6,0,0,0
2580,0,2,1,0,0
2581,0,7,0,0,0
2582,0,6,0,0,0
2583,0,6,1,0,0
2584,0,9,0,0,0
2585,0,4,0,0,0
2586,0,4,1,0,0
2587,0,7,1,0,0
2588,0,1,1,0,0
2589,0,5,0,0,0
2590,0,6,1,0,0
2591,0,4,0,0,0
2592,0,5,1,0,0
2593,0,8,0,0,0
2594,0,2,0,0,0
2595,0,3,0,0,0
2596,0,7,1,0,0
2597,0,6,0,0,0
2598,0,6,1,0,0
2599,0,4,0,0,0
2600,0,5,0,0,0
2601,0,4,0,0,0
2602,0,6,0,0,0
2603,0,5,0,0,0
2604,0,9,1,0,0
2605,0,5,0,0,0
2606,0,8,0,0,0
2607,0,4,0,0,0
2608,0,2,0,0,0
2609,0,3,0,0,0
2610,0,3,0,0,0
2611,0,5,0,0,0
2612,0,6,0,0,0
2613,0,4,0,0,0
2614,0,7,1,0,0
2615,0,8,0,0,0
2616,0,7,0,0,0
2617,0,4,1,0,0
2618,0,7,0,0,0
2619,0,7,1,0,0
2620,0,5,0,0,0
2621,0,2,0,0,0
2622,0,6,1,0,0
2623,0,4,0,0,0
2624,0,3,0,0,0
2625,0,8,0,0,0
2626,0,6,0,0,0
2627,0,3,1,0,0
2628,0,4,0,0,0
2629,0,5,0,0,0
2630,0,7,1,0,0
2631,0,8,0,0,0
2632,0,3,0,0,0
2633,0,5,0,0,0
2634,0,5,0,0,0
2635,0,4,1,0,0
2636,0,7,1,0,0
2637,0,6,0,0,0
2638,0,3,0,0,0
2639,0,7,0,0,0
2640,0,9,0,0,0
2641,0,9,1,0,0
2642,0,9,1,0,0
2643,0,6,1,0,0
2644,0,5,1,0,0
2645,0,12,0,0,0
2646,0,4,0,0,0
2647,0,1,0,0,0
2648,0,6,1,0,0
2649,0,8,0,0,0
2650,0,6,1,0,0
2651,0,4,0,0,0
2652,0,5,0,0,0
2653,0,10,0,0,0
2654,0,6,0,0,0
2655,0,5,2,0,0
2656,0,3,0,0,0
2657,0,4,1,0,0
2658,0,4,0,0,0
2659,0,5,0,0,0
2660,0,4,0,0,0
2661,0,3,0,0,0
2662,0,6,0,0,0
2663,0,9,0,0,0
2664,0,4,1,0,0
2665,0,3,1,0,0
2666,0,6,0,0,0
2667,0,6,0,0,0
2668,0,4,1,0,0
2669,0,5,0,0,0
2670,0,6,0,0,0
2671,0,6,1,0,0
2672,0,9,1,0,0
2673,0,2,0,0,0
2674,0,2,0,0,0
2675,0,5,0,0,0
2676,0,3,0,0,0
2677,0,3,0,0,0
2678,0,3,2,0,0
2679,0,5,2,0,0
2680,0,4,0,0,0
2681,0,2,0,0,0
2682,0,5,0,0,0
2683,0,3,0,0,0
2684,0,2,0,0,0
2685,1,4,1,1,1
2686,1,2,1,1,1
2687,1,4,0,1,1
2688,1,5,0,1,1
2689,1,6,0,1,1
2690,1,5,1,1,1
2691,1,5,1,1,1
2692,1,5,0,1,1
2693,1,3,0,1,1
2694,1,7,0,1,1
2695,1,5,0,1,1
2696,1,6,1,1,1
2697,1,3,0,1,1
2698,1,8,0,1,1
2699,1,8,1,1,1
2700,1,7,0,1,1
2701,1,6,0,1,1
2702,1,6,0,1,1
2703,1,7,0,1,1
2704,1,5,0,1,1
2705,1,5,0,1,1
2706,1,4,0,1,1
2707,1,8,0,1,1
2708,1,4,0,1,1
2709,1,9,0,1,1
2710,1,6,0,1,1
2711,1,7,1,1,1
2712,1,2,0,1,1
2713,1,6,0,1,1
2714,1,6,0,1,1
2715,1,7,0,1,1
2716,1,7,1,1,1
2717,1,5,1,1,1
2718,1,6,0,1,1
2719,1,7,0,1,1
2720,1,5,1,1,1
2721,1,4,0,1,1
2722,0,9,0,1,0
2723,0,4,0,1,0
2724,0,5,1,1,0
2725,0,6,0,1,0
2726,0,8,0,1,0
2727,0,9,1,1,0
2728,0,4,0,1,0
2729,0,7,0,1,0
2730,0,9,0,1,0
2731,0,8,1,1,0
2732,0,2,0,1,0
2733,0,7,0,1,0
2734,0,5,0,1,0
2735,0,8,0,1,0
2736,0,9,0,1,0
2737,0,7,1,1,0
2738,0,7,0,1,0
2739,0,5,0,1,0
2740,0,7,0,1,0
2741,0,2,0,1,0
2742,0,4,0,1,0
2743,0,3,0,1,0
2744,0,5,0,1,0
2745,0,9,0,1,0
2746,0,2,0,1,0
2747,0,7,0,1,0
2748,0,6,0,1,0
2749,0,7,0,1,0
2750,0,6,1,1,0
2751,0,8,0,1,0
2752,0,3,0,1,0
2753,0,4,0,1,0
2754,0,9,0,1,0
2755,0,4,0,1,0
2756,0,6,0,1,0
2757,0,6,0,1,0
2758,0,3,0,1,0
2759,0,5,1,1,0
2760,0,3,0,1,0
2761,0,5,1,1,0
2762,0,6,0,1,0
2763,0,4,0,1,0
2764,0,3,0,1,0
2765,0,6,0,1,0
2766,0,8,1,1,0
2767,0,5,0,1,0
2768,0,8,0,1,0
2769,0,6,0,1,0
2770,0,3,2,1,0
2771,0,6,0,1,0
2772,0,8,0,1,0
2773,0,4,0,1,0
2774,0,3,1,1,0
2775,0,6,0,1,0
2776,0,2,0,1,0
2777,0,10,0,1,0
2778,0,7,1,1,0
2779,0,3,0,1,0
2780,0,5,0,1,0
2781,0,7,0,1,0
2782,0,4,0,1,0
2783,0,4,0,1,0
2784,0,6,0,1,0
2785,0,8,0,1,0
2786,0,3,0,1,0
2787,0,8,0,1,0
2788,0,5,0,1,0
2789,0,6,0,1,0
2790,0,5,0,1,0
2791,0,5,0,1,0
2792,0,6,0,1,0
2793,0,4,0,1,0
2794,0,5,0,1,0
2795,0,3,0,1,0
2796,0,5,0,1,0
2797,1,7,0,2,1
2798,1,7,0,2,1
2799,1,7,0,2,1
2800,1,3,0,2,1
2801,1,5,0,2,1
2802,1,6,0,2,1
2803,1,6,0,2,1
2804,1,8,0,2,1
2805,1,9,0,2,1
2806,1,6,0,2,1
2807,1,7,1,2,1
2808,1,7,1,2,1
2809,1,5,0,2,1
2810,1,9,0,2,1
2811,0,4,1,2,0
2812,0,10,0,2,0
2813,0,8,0,2,0
2814,0,8,0,2,0
2815,0,7,0,2,0
2816,0,7,0,2,0
2817,0,5,1,2,0
2818,0,9,1,2,0
2819,0,7,1,2,0
2820,0,3,0,2,0
2821,0,9,0,2,0
2822,0,6,0,2,0
2823,0,4,1,2,0
2824,0,6,0,2,0
2825,0,5,0,2,0
2826,0,5,0,2,0
2827,0,6,0,2,0
2828,0,5,0,2,0
2829,0,4,0,2,0
2830,0,8,0,2,0
2831,0,1,1,2,0
2832,0,3,1,2,0
2833,0,7,1,2,0
2834,0,7,0,2,0
2835,0,4,0,2,0
2836,0,5,1,2,0
2837,0,4,0,2,0
2838,0,8,0,2,0
2839,0,9,0,2,0
2840,0,6,0,2,0
2841,0,9,1,2,0
2842,0,9,0,2,0
2843,0,5,0,2,0
2844,0,4,0,2,0
2845,0,10,1,2,0
2846,0,7,1,2,0
2847,0,7,0,2,0
2848,0,5,0,2,0
2849,0,7,0,2,0
2850,0,6,0,2,0
2851,0,10,0,2,0
2852,0,12,0,2,0
2853,0,6,1,2,0
2854,0,8,0,2,0
2855,0,9,2,2,0
2856,0,16,1,2,0
2857,0,3,0,2,0
2858,0,9,0,2,0
2859,0,10,1,2,0
2860,0,6,1,2,0
2861,0,4,0,2,0
2862,0,10,0,2,0
2863,0,5,0,2,0
2864,0,6,0,2,0
2865,0,6,0,2,0
2866,0,7,1,2,0
2867,0,9,1,2,0
2868,0,4,0,2,0
2869,0,9,0,2,0
2870,0,4,0,2,0
2871,0,7,0,2,0
2872,0,3,0,2,0
2873,0,8,0,2,0
2874,0,4,0,2,0
2875,0,10,0,2,0
2876,0,9,0,2,0
2877,0,6,0,2,0
2878,0,6,0,2,0
2879,0,8,0,2,0
2880,0,7,1,2,0
2881,0,11,0,2,0
2882,0,9,0,2,0
2883,0,6,1,2,0
2884,0,5,0,2,0
2885,0,9,0,2,0
2886,0,9,0,2,0
2887,0,9,1,2,0
2888,0,8,2,2,0
2889,0,10,0,2,0
2890,0,7,0,2,0
2891,0,7,1,2,0
2892,0,9,0,2,0
2893,0,6,0,2,0
2894,0,5,0,2,0
2895,0,5,0,2,0
2896,0,5,0,2,0
2897,0,9,0,2,0
2898,0,7,0,2,0
2899,0,7,0,2,0
2900,0,9,0,2,0
2901,0,8,1,2,0
2902,0,9,0,2,0
2903,0,12,0,2,0
2904,0,8,0,2,0
2905,0,11,0,2,0
2906,0,3,0,2,0
2907,0,6,1,2,0
2908,0,9,0,2,0
2909,0,8,2,2,0
2910,0,8,0,2,0
2911,0,4,1,2,0
2912,0,8,1,2,0
2913,0,5,1,2,0
2914,0,4,0,2,0
2915,0,7,0,2,0
2916,0,10,1,2,0
2917,0,9,0,2,0
2918,0,4,0,2,0
2919,0,13,0,2,0
2920,0,7,0,2,0
2921,0,10,0,2,0
2922,0,9,1,2,0
2923,0,7,0,2,0
2924,0,2,1,2,0
2925,0,5,0,2,0
2926,0,7,0,2,0
2927,0,9,0,2,0
2928,0,6,0,2,0
2929,0,7,0,2,0
2930,0,5,1,2,0
2931,0,4,0,2,0
2932,0,10,0,2,0
2933,0,5,0,2,0
2934,0,6,0,2,0
2935,0,7,0,2,0
2936,0,7,0,2,0
2937,0,6,0,2,0
2938,0,3,0,2,0
2939,0,8,1,2,0
2940,0,3,0,2,0
2941,0,8,0,2,0
2942,0,9,0,2,0
2943,0,10,0,2,0
2944,0,7,0,2,0
2945,0,9,0,2,0
2946,0,8,0,2,0
2947,0,8,0,2,0
2948,0,8,0,2,0
2949,0,9,1,2,0
2950,0,12,1,2,0
2951,0,9,0,2,0
2952,0,8,0,2,0
2953,0,6,0,2,0
2954,0,12,2,2,0
2955,0,7,0,2,0
2956,0,5,0,2,0
2957,0,2,0,2,0
2958,0,8,0,2,0
2959,0,8,1,2,0
2960,0,7,0,2,0
2961,0,3,0,2,0
2962,0,11,0,2,0
2963,0,2,0,2,0
2964,0,6,0,2,0
2965,0,9,0,2,0
2966,0,3,0,2,0
2967,0,10,0,2,0
2968,0,9,0,2,0
2969,0,3,0,2,0
2970,1,6,1,3,1
2971,1,3,1,3,1
2972,1,9,1,3,1
2973,1,11,1,3,1
2974,1,4,0,3,1
2975,0,8,0,3,0
2976,0,4,1,3,0
2977,0,11,0,3,0
2978,0,13,0,3,0
2979,0,9,1,3,0
2980,0,6,0,3,0
2981,0,6,1,3,0
2982,0,7,0,3,0
2983,0,5,0,3,0
2984,0,2,1,3,0
2985,0,11,0,3,0
2986,0,2,2,3,0
2987,0,10,0,3,0
2988,0,8,0,3,0
2989,0,9,0,3,0
2990,0,7,0,3,0
2991,0,5,0,3,0
2992,0,5,0,3,0
2993,0,11,0,3,0
2994,0,5,0,3,0
2995,0,12,0,3,0
2996,0,10,0,3,0
2997,0,1,0,3,0
2998,0,11,1,3,0
2999,0,6,1,3,0
3000,0,8,0,3,0
3001,0,8,0,3,0
3002,0,5,0,3,0
3003,0,9,1,3,0
3004,0,8,1,3,0
3005,0,7,1,3,0
3006,0,2,1,3,0
3007,0,7,0,3,0
3008,0,7,1,3,0
3009,0,5,1,3,0
3010,0,10,0,3,0
3011,0,4,0,3,0
3012,0,8,0,3,0
3013,0,5,1,3,0
3014,0,11,1,3,0
3015,0,3,1,3,0
3016,0,8,1,3,0
3017,0,6,0,3,0
3018,0,5,0,3,0
3019,0,3,0,3,0
3020,0,7,0,3,0
3021,0,10,0,3,0
3022,0,6,0,3,0
3023,0,10,0,2,0
3024,0,4,0,2,0
3025,0,7,1,2,0
3026,0,5,0,2,0
3027,0,9,1,2,0
3028,0,8,0,2,0
3029,0,7,2,2,0
3030,0,5,0,2,0
3031,0,3,0,2,0
3032,0,7,0,2,0
3033,0,9,0,2,0
3034,0,6,0,2,0
3035,0,7,3,2,0
3036,0,8,0,2,0
3037,0,6,0,2,0
3038,0,9,1,2,0
3039,0,7,1,2,0
3040,0,4,0,2,0
3041,0,8,1,2,0
3042,0,5,0,2,0
3043,0,5,0,2,0
3044,0,7,0,2,0
3045,0,7,0,2,0
3046,0,6,1,2,0
3047,0,8,0,2,0
3048,0,5,0,2,0
3049,0,8,0,2,0
3050,0,5,0,2,0
3051,0,10,0,2,0
3052,0,11,0,2,0
3053,0,5,0,2,0
3054,0,7,0,2,0
3055,0,8,0,2,0
3056,0,11,0,2,0
3057,0,3,0,2,0
3058,0,6,1,2,0
3059,0,8,0,2,0
3060,0,9,0,2,0
3061,0,4,0,2,0
3062,0,6,0,2,0
3063,0,4,0,2,0
3064,0,8,0,2,0
3065,0,7,0,2,0
3066,0,12,0,2,0
3067,0,4,0,2,0
3068,0,5,1,2,0
3069,0,4,0,2,0
3070,0,5,1,2,0
3071,0,7,0,2,0
3072,0,6,1,2,0
3073,0,7,0,2,0
3074,0,9,1,2,0
3075,0,5,0,2,0
3076,0,9,1,2,0
3077,0,6,1,2,0
3078,0,9,1,2,0
3079,0,5,0,2,0
3080,0,9,0,2,0
3081,0,5,0,2,0
3082,0,7,1,2,0
3083,0,6,1,2,0
3084,0,7,0,2,0
3085,0,7,0,2,0
3086,0,5,0,2,0
3087,0,5,0,2,0
3088,0,8,0,2,0
3089,0,7,0,2,0
3090,0,10,0,2,0
3091,0,9,0,2,0
3092,0,7,1,2,0
3093,0,8,0,2,0
3094,0,10,0,2,0
3095,0,5,0,2,0
3096,0,4,0,2,0
3097,0,3,1,2,0
3098,0,5,0,2,0
3099,0,6,0,2,0
3100,0,7,0,2,0
3101,0,17,0,2,0
3102,0,8,0,2,0
3103,0,9,0,2,0
3104,0,6,1,2,0
3105,0,8,0,2,0
3106,0,7,0,2,0
3107,0,5,0,2,0
3108,0,10,0,2,0
3109,0,6,1,2,0
3110,0,12,0,2,0
3111,0,6,1,2,0
3112,0,1,0,1,0
3113,0,8,0,1,0
3114,0,11,0,1,0
3115,0,6,0,1,0
3116,0,10,2,1,0
3117,0,8,1,1,0
3118,0,8,0,1,0
3119,0,7,0,1,0
3120,0,5,0,1,0
3121,0,8,1,1,0
3122,0,6,0,1,0
3123,0,8,0,1,0
3124,0,2,0,1,0
3125,0,3,0,1,0
3126,0,3,0,1,0
3127,0,4,1,1,0
3128,0,6,0,1,0
3129,0,9,0,1,0
3130,0,3,0,1,0
3131,0,12,0,1,0
3132,0,8,0,1,0
3133,0,6,0,1,0
3134,0,4,1,1,0
3135,0,8,1,1,0
3136,0,5,0,1,0
3137,0,11,0,1,0
3138,0,7,0,1,0
3139,0,5,1,1,0
3140,0,6,0,1,0
3141,0,8,0,1,0
3142,0,6,0,1,0
3143,1,9,0,2,1
3144,1,3,0,2,1
3145,0,9,0,2,0
3146,0,5,1,2,0
3147,0,3,0,2,0
3148,0,4,0,2,0
3149,0,12,0,2,0
3150,0,9,1,2,0
3151,0,12,0,2,0
3152,0,6,0,2,0
3153,0,8,0,2,0
3154,0,13,0,2,0
3155,0,7,0,2,0
3156,0,10,0,2,0
3157,0,5,0,2,0
3158,0,9,0,2,0
3159,0,3,0,2,0
3160,0,5,0,2,0
3161,0,6,0,2,0
3162,0,10,0,2,0
3163,0,8,1,2,0
3164,0,7,0,2,0
3165,0,10,0,2,0
3166,0,3,0,2,0
3167,0,10,0,2,0
3168,0,7,0,2,0
3169,0,8,0,2,0
3170,0,14,0,2,0
3171,1,17,1,3,1
3172,0,8,0,3,0
3173,0,7,0,3,0
3174,0,10,0,3,0
3175,0,10,1,3,0
3176,0,3,1,3,0
3177,0,6,0,3,0
3178,0,4,1,3,0
3179,0,10,2,3,0
3180,0,6,1,3,0
3181,0,13,0,3,0
3182,0,7,0,3,0
3183,0,3,2,3,0
3184,0,8,0,3,0
3185,0,9,0,3,0
3186,0,7,0,3,0
3187,0,3,0,3,0
3188,0,8,0,3,0
3189,0,6,0,3,0
3190,0,5,0,3,0
3191,0,8,0,3,0
3192,0,6,0,3,0
3193,0,9,0,3,0
3194,0,8,1,3,0
3195,0,6,0,3,0
3196,0,9,0,3,0
3197,0,6,0,3,0
3198,0,10,0,3,0
3199,0,8,0,3,0
3200,0,8,0,3,0
3201,0,5,0,3,0
3202,0,7,0,3,0
3203,0,6,0,3,0
3204,0,6,0,3,0
3205,0,6,1,3,0
3206,0,6,0,3,0
3207,0,8,0,3,0
3208,0,6,0,3,0
3209,0,4,0,3,0
3210,0,3,0,3,0
3211,0,6,1,3,0
3212,0,10,0,3,0
3213,0,4,0,3,0
3214,0,8,0,3,0
3215,0,5,0,3,0
3216,0,10,0,3,0
3217,0,10,0,3,0
3218,0,7,3,3,0
3219,0,4,1,3,0
3220,0,5,1,3,0
3221,0,5,0,3,0
3222,0,9,0,3,0
3223,0,6,0,3,0
3224,0,7,0,3,0
3225,0,7,0,3,0
3226,0,9,0,3,0
3227,0,4,0,3,0
3228,0,7,1,3,0
3229,0,5,0,3,0
3230,0,4,0,3,0
3231,0,6,0,3,0
3232,0,7,0,3,0
3233,0,9,2,3,0
3234,0,10,0,3,0
3235,0,7,0,3,0
3236,0,6,1,3,0
3237,0,3,0,3,0
3238,0,7,0,3,0
3239,0,6,0,3,0
3240,0,10,0,3,0
3241,0,3,0,3,0
3242,0,3,0,3,0
3243,0,7,1,3,0
3244,0,6,1,3,0
3245,0,6,1,3,0
3246,0,8,1,3,0
3247,0,8,0,3,0
3248,0,10,0,3,0
3249,0,9,0,3,0
3250,0,7,0,3,0
3251,0,4,0,3,0
3252,0,6,0,3,0
3253,0,8,0,3,0
3254,0,8,1,3,0
3255,0,8,0,3,0
3256,0,5,0,3,0
3257,0,9,0,3,0
3258,0,4,0,3,0
3259,0,5,0,3,0
3260,0,4,0,3,0
3261,0,8,0,3,0
3262,1,6,0,4,1
3263,1,6,0,4,1
3264,1,3,0,4,1
3265,1,4,0,4,1
3266,1,4,1,4,1
3267,1,14,0,4,1
3268,1,7,0,4,1
3269,1,6,1,4,1
3270,1,6,1,4,1
3271,1,2,0,4,1
3272,1,7,0,4,1
3273,1,4,1,4,1
3274,1,6,0,4,1
3275,1,5,0,4,1
3276,1,3,0,3,1
3277,1,6,0,3,1
3278,1,7,0,3,1
3279,1,8,0,3,1
3280,1,9,0,3,1
3281,1,12,0,3,1
3282,1,7,1,3,1
3283,1,10,0,3,1
3284,1,5,0,3,1
3285,1,8,0,3,1
3286,1,3,0,3,1
3287,0,8,0,3,0
3288,0,8,0,3,0
3289,0,5,0,3,0
3290,0,7,0,3,0
3291,0,9,1,3,0
3292,0,9,1,3,0
3293,0,11,0,3,0
3294,0,8,0,3,0
3295,0,6,0,3,0
3296,0,5,0,3,0
3297,0,8,0,3,0
3298,0,10,0,3,0
3299,0,9,0,3,0
3300,0,5,1,3,0
3301,0,4,1,3,0
3302,0,5,0,3,0
3303,0,5,0,3,0
3304,0,6,0,3,0
3305,0,6,0,3,0
3306,0,7,1,3,0
3307,0,9,1,3,0
3308,0,6,1,3,0
3309,0,9,1,3,0
3310,0,2,0,3,0
3311,0,5,0,3,0
3312,0,5,0,3,0
3313,0,4,0,3,0
3314,0,12,0,3,0
3315,0,7,1,3,0
3316,0,6,0,3,0
3317,0,6,0,3,0
3318,0,10,0,3,0
3319,0,3,0,3,0
3320,0,2,0,3,0
3321,0,7,0,3,0
3322,0,10,0,3,0
3323,0,7,0,3,0
3324,0,5,0,3,0
3325,0,10,0,3,0
3326,0,5,1,3,0
3327,0,6,1,3,0
3328,0,11,0,3,0
3329,0,6,1,3,0
3330,0,7,1,3,0
3331,0,9,0,3,0
3332,0,9,0,3,0
3333,0,9,0,3,0
3334,0,6,0,3,0
3335,0,9,0,3,0
3336,0,7,0,3,0
3337,0,5,0,3,0
3338,0,7,0,3,0
3339,0,2,0,3,0
3340,0,5,1,3,0
3341,0,8,0,3,0
3342,0,8,1,3,0
3343,0,3,0,3,0
3344,0,10,0,3,0
3345,0,4,0,3,0
3346,0,11,0,3,0
3347,0,15,0,3,0
3348,0,10,0,3,0
3349,0,6,0,3,0
3350,0,7,0,3,0
3351,0,4,0,3,0
3352,0,4,0,3,0
3353,1,5,0,4,1
3354,1,6,0,4,1
3355,1,1,1,4,1
3356,1,8,1,4,1
3357,1,6,0,4,1
3358,1,7,2,4,1
3359,1,6,0,4,1
3360,1,5,0,4,1
3361,1,3,0,4,1
3362,1,6,0,4,1
3363,1,7,0,4,1
3364,1,5,0,4,1
3365,1,4,0,4,1
3366,1,9,0,4,1
3367,1,5,1,4,1
3368,1,13,0,4,1
3369,1,6,0,4,1
3370,1,10,0,4,1
3371,1,4,0,4,1
3372,1,4,0,4,1
3373,1,8,0,4,1
3374,1,8,0,4,1
3375,1,5,0,4,1
3376,1,5,0,4,1
3377,1,8,0,4,1
3378,1,8,1,4,1
3379,1,9,0,4,1
3380,1,3,0,4,1
3381,1,6,0,4,1
3382,1,5,1,4,1
3383,1,5,0,4,1
3384,1,6,0,4,1
3385,2,9,1,5,2
3386,1,3,0,5,1
3387,1,6,0,5,1
3388,1,5,1,5,1
3389,2,7,1,6,2
3390,2,5,0,6,2
3391,2,8,0,6,2
3392,2,4,0,6,2
3393,2,3,1,6,2
3394,2,10,1,6,2
3395,2,7,0,6,2
3396,2,4,0,6,2
3397,2,7,0,6,2
3398,2,3,0,6,2
3399,2,9,1,6,2
3400,2,4,1,6,2
3401,2,3,0,6,2
3402,1,9,0,6,1
3403,1,4,0,6,1
3404,1,8,1,6,1
3405,1,8,0,6,1
3406,1,7,0,6,1
3407,0,11,0,6,0
3408,0,3,0,6,0
3409,0,4,0,6,0
3410,0,6,0,6,0
3411,0,7,0,6,0
3412,0,7,0,6,0
3413,0,7,0,6,0
3414,0,10,0,6,0
3415,0,8,0,6,0
3416,0,3,0,6,0
3417,0,8,0,6,0
3418,0,4,0,6,0
3419,0,9,1,6,0
3420,0,4,0,6,0
3421,0,5,0,6,0
3422,0,4,0,6,0
3423,0,9,0,6,0
3424,0,2,0,6,0
3425,0,8,0,6,0
3426,0,9,0,6,0
3427,1,10,0,7,1
3428,1,5,0,7,1
3429,1,5,0,7,1
3430,0,7,1,7,0
3431,0,6,1,7,0
3432,0,9,0,7,0
3433,0,4,0,7,0
3434,0,7,0,7,0
3435,0,6,0,7,0
3436,0,8,1,7,0
3437,0,4,0,7,0
3438,0,8,0,7,0
3439,0,5,0,7,0
3440,0,7,0,7,0
3441,0,4,0,7,0
3442,0,8,0,7,0
3443,0,3,1,7,0
3444,0,7,1,7,0
3445,0,5,0,7,0
3446,1,6,1,7,1
3447,1,8,0,7,1
3448,1,6,0,7,1
3449,1,4,0,7,1
3450,1,6,0,7,1
3451,1,3,0,7,1
3452,1,4,0,7,1
3453,1,5,0,7,1
3454,1,3,0,7,1
3455,1,6,0,7,1
3456,1,7,1,7,1
3457,1,6,0,7,1
3458,1,7,1,7,1
3459,1,8,1,7,1
3460,1,6,0,7,1
3461,1,6,1,7,1
3462,1,5,0,7,1
3463,1,9,0,7,1
3464,1,3,1,7,1
3465,1,5,0,7,1
3466,1,3,0,7,1
3467,0,10,0,7,0
3468,0,3,1,7,0
3469,0,6,0,7,0
3470,0,7,0,7,0
3471,0,8,0,7,0
3472,0,4,0,7,0
3473,0,9,0,6,0
3474,0,10,1,6,0
3475,0,7,0,6,0
3476,0,4,0,6,0
3477,0,6,0,6,0
3478,0,7,0,6,0
3479,0,6,0,6,0
3480,0,5,0,6,0
3481,0,9,0,6,0
3482,0,9,1,6,0
3483,1,7,1,7,1
3484,1,7,0,7,1
3485,1,13,0,7,1
3486,1,4,0,7,1
3487,1,9,0,7,1
3488,1,7,0,7,1
3489,1,4,0,7,1
3490,1,5,0,7,1
3491,1,6,1,7,1
3492,1,8,3,7,1
3493,1,4,0,7,1
3494,1,9,0,7,1
3495,1,4,0,7,1
3496,1,8,0,7,1
3497,1,11,0,7,1
3498,1,5,0,7,1
3499,1,7,0,7,1
3500,0,6,0,7,0
3501,0,3,1,7,0
3502,0,4,1,7,0
3503,0,11,1,7,0
3504,0,8,0,7,0
3505,0,6,0,7,0
3506,0,7,1,7,0
3507,0,6,0,7,0
3508,0,8,0,7,0
3509,0,8,0,7,0
3510,0,9,1,7,0
3511,0,3,0,7,0
3512,0,8,0,7,0
3513,0,6,0,7,0
3514,0,5,1,7,0
3515,0,3,2,7,0
3516,0,4,0,7,0
3517,0,8,0,7,0
3518,0,7,0,7,0
3519,0,7,0,7,0
3520,0,2,0,7,0
3521,0,6,0,7,0
3522,0,6,0,7,0
3523,0,6,0,7,0
3524,0,9,0,7,0
3525,0,7,0,7,0
3526,0,8,1,7,0
3527,0,9,0,7,0
3528,0,4,0,7,0
3529,0,7,0,7,0
3530,0,2,0,7,0
3531,0,9,0,7,0
3532,0,13,0,7,0
3533,0,5,1,7,0
3534,0,8,0,7,0
3535,0,5,1,7,0
3536,0,5,0,7,0
3537,0,8,0,7,0
3538,0,10,1,7,0
3539,0,8,0,7,0
3540,0,8,0,7,0
3541,0,2,0,7,0
3542,0,4,0,7,0
3543,0,6,1,7,0
3544,0,6,0,7,0
3545,0,4,0,7,0
3546,0,10,0,7,0
3547,0,2,1,7,0
3548,0,9,1,7,0
3549,0,6,1,7,0
3550,0,9,0,7,0
3551,0,5,1,7,0
3552,0,8,0,7,0
3553,0,5,0,7,0
3554,0,4,0,7,0
3555,0,3,0,7,0
3556,0,5,1,7,0
3557,0,8,0,7,0
3558,0,2,1,7,0
3559,0,7,0,7,0
3560,0,6,1,7,0
3561,0,4,2,7,0
3562,0,11,1,7,0
3563,0,3,1,7,0
3564,0,5,0,7,0
3565,0,2,0,7,0
3566,0,4,0,7,0
3567,0,5,0,7,0
3568,0,6,1,7,0
3569,0,5,0,7,0
3570,0,5,0,7,0
3571,0,5,0,7,0
3572,0,9,0,7,0
3573,0,5,0,7,0
3574,0,9,0,7,0
3575,0,9,0,7,0
3576,0,5,0,7,0
3577,0,6,0,7,0
3578,0,6,0,7,0
3579,0,9,0,7,0
3580,0,10,0,7,0
3581,0,9,0,7,0
3582,0,5,1,7,0
3583,0,4,0,7,0
3584,0,3,0,7,0
3585,0,7,1,7,0
3586,0,5,0,7,0
3587,0,4,1,7,0
3588,0,9,1,6,0
3589,0,8,0,6,0
3590,0,5,0,6,0
3591,0,3,0,6,0
3592,0,7,1,6,0
3593,0,9,0,6,0
3594,0,6,0,6,0
3595,0,9,1,6,0
3596,0,7,0,6,0
3597,0,9,0,6,0
3598,0,6,0,6,0
3599,0,7,0,6,0
3600,0,5,0,6,0
3601,0,9,1,6,0
3602,1,8,3,7,1
3603,1,8,0,7,1
3604,1,8,0,7,1
3605,2,9,0,8,2
3606,2,3,1,8,2
3607,2,8,0,8,2
3608,2,6,0,8,2
3609,2,15,0,8,2
3610,1,4,0,8,1
3611,1,8,0,8,1
3612,1,8,0,8,1
3613,1,7,1,8,1
3614,1,8,1,8,1
3615,1,9,1,8,1
3616,2,7,0,9,2
3617,2,5,0,9,2
3618,2,9,0,9,2
3619,2,10,0,9,2
3620,2,3,0,9,2
3621,2,5,0,9,2
3622,2,7,0,9,2
3623,2,13,0,9,2
3624,3,2,0,10,3
3625,3,5,0,10,3
3626,3,3,0,10,3
3627,3,5,0,10,3
3628,3,4,0,10,3
3629,3,10,0,10,3
3630,3,6,1,10,3
3631,2,7,0,10,2
3632,2,7,0,10,2
3633,2,9,0,10,2
3634,2,5,0,10,2
3635,2,2,0,10,2
3636,2,8,0,10,2
3637,2,3,0,10,2
3638,2,6,0,10,2
3639,1,6,0,10,1
3640,1,5,0,10,1
3641,1,8,1,10,1
3642,1,8,0,10,1
3643,1,9,1,10,1
3644,0,5,1,10,0
3645,0,6,1,10,0
3646,0,6,0,10,0
3647,0,6,0,10,0
3648,0,4,0,10,0
3649,0,5,0,10,0
3650,0,11,0,10,0
3651,0,5,0,10,0
3652,0,12,0,10,0
3653,0,3,0,10,0
3654,0,3,0,10,0
3655,0,11,0,10,0
3656,0,6,1,10,0
3657,0,11,0,10,0
3658,0,6,0,10,0
3659,0,9,0,10,0
3660,0,5,0,10,0
3661,0,2,0,10,0
3662,0,5,0,10,0
3663,0,5,0,10,0
3664,0,6,1,10,0
3665,0,10,0,10,0
3666,0,4,0,10,0
3667,0,7,0,10,0
3668,0,4,0,10,0
3669,0,9,0,10,0
3670,0,8,0,10,0
3671,0,7,0,10,0
3672,0,4,0,10,0
3673,0,6,0,10,0
3674,0,7,0,10,0
3675,0,3,0,10,0
3676,0,5,0,10,0
3677,0,5,0,10,0
3678,0,7,0,10,0
3679,0,6,0,10,0
3680,0,10,0,10,0
3681,0,5,1,10,0
3682,0,5,1,10,0
3683,0,7,1,10,0
3684,0,9,0,10,0
3685,0,4,1,10,0
3686,0,2,1,10,0
3687,0,4,0,9,0
3688,0,9,0,9,0
3689,0,7,0,9,0
3690,0,5,0,9,0
3691,0,9,0,9,0
3692,0,5,0,9,0
3693,0,7,0,9,0
3694,0,10,2,9,0
3695,0,6,0,9,0
3696,0,7,1,9,0
3697,0,9,0,9,0
3698,0,7,0,9,0
3699,0,4,0,9,0
3700,0,10,2,9,0
3701,0,7,0,9,0
3702,0,8,0,9,0
3703,0,7,1,8,0
3704,0,7,0,8,0
3705,0,7,0,8,0
3706,0,8,0,8,0
3707,0,7,0,8,0
3708,0,5,0,7,0
3709,0,10,0,7,0
3710,0,9,1,7,0
3711,0,2,0,7,0
3712,0,6,0,7,0
3713,0,4,1,7,0
3714,0,5,0,7,0
3715,0,7,0,7,0
3716,0,2,0,7,0
3717,0,2,0,7,0
3718,0,7,1,7,0
3719,0,9,0,7,0
3720,0,7,0,7,0
3721,0,2,0,7,0
3722,0,4,0,7,0
3723,0,7,0,7,0
3724,0,6,0,7,0
3725,0,4,1,7,0
3726,0,4,0,7,0
3727,0,6,0,7,0
3728,0,9,0,7,0
3729,0,5,0,7,0
3730,0,6,0,7,0
3731,0,5,0,6,0
3732,0,6,0,6,0
3733,0,5,1,6,0
3734,0,6,0,6,0
3735,0,6,0,6,0
3736,0,6,0,6,0
3737,0,5,1,6,0
3738,0,6,0,6,0
3739,0,5,0,6,0
3740,0,7,0,6,0
3741,0,5,0,6,0
3742,0,7,0,6,0
3743,0,6,0,6,0
3744,0,5,1,6,0
3745,0,11,0,6,0
3746,0,5,0,6,0
3747,0,8,1,6,0
3748,0,3,0,6,0
3749,0,3,0,6,0
3750,1,4,0,7,1
3751,1,6,0,7,1
3752,1,6,0,7,1
3753,1,8,0,7,1
3754,1,5,0,7,1
3755,1,7,0,7,1
3756,1,5,0,7,1
3757,1,5,0,7,1
3758,1,5,0,7,1
3759,1,7,1,7,1
3760,0,6,1,7,0
3761,1,4,1,8,1
3762,1,6,0,8,1
3763,1,7,0,8,1
3764,1,5,0,8,1
3765,1,6,0,9,1
3766,1,5,1,9,1
3767,1,6,1,9,1
3768,1,5,0,8,1
3769,1,9,0,8,1
3770,1,8,0,8,1
3771,1,4,0,8,1
3772,1,6,0,8,1
3773,1,6,0,8,1
3774,1,8,0,8,1
3775,1,6,0,8,1
3776,2,6,1,9,2
3777,2,3,1,9,2
3778,2,8,0,9,2
3779,1,5,0,9,1
3780,1,11,0,9,1
3781,1,4,0,9,1
3782,1,4,0,9,1
3783,1,4,0,9,1
3784,1,7,0,9,1
3785,1,5,1,9,1
3786,1,4,0,9,1
3787,1,9,0,9,1
3788,1,6,0,9,1
3789,1,7,0,9,1
3790,1,9,0,9,1
3791,1,5,0,9,1
3792,1,8,0,9,1
3793,1,2,0,9,1
3794,1,7,0,9,1
3795,1,7,0,9,1
3796,1,5,1,9,1
3797,0,8,0,9,0
3798,0,5,1,9,0
3799,0,8,0,9,0
3800,0,0,0,9,0
3801,0,3,1,8,0
3802,0,6,1,8,0
3803,0,11,0,8,0
3804,0,6,0,8,0
3805,0,7,0,8,0
3806,0,10,0,8,0
3807,0,9,1,8,0
3808,0,5,1,8,0
3809,0,7,0,8,0
3810,0,5,0,8,0
3811,0,1,0,8,0
3812,0,6,0,8,0
3813,0,4,0,8,0
3814,0,5,0,8,0
3815,0,7,1,8,0
3816,0,6,0,8,0
3817,1,5,0,9,1
3818,1,4,1,9,1
3819,1,14,0,9,1
3820,1,6,1,9,1
3821,1,4,2,9,1
3822,1,5,0,9,1
3823,1,4,0,9,1
3824,1,4,0,9,1
3825,1,4,0,9,1
3826,1,8,0,9,1
3827,1,6,0,9,1
3828,1,6,0,9,1
3829,1,5,0,9,1
3830,1,7,0,9,1
3831,1,5,0,9,1
3832,1,9,0,9,1
3833,1,4,0,9,1
3834,1,9,0,9,1
3835,1,6,0,9,1
3836,1,7,0,9,1
3837,1,10,0,9,1
3838,1,5,1,9,1
3839,1,4,2,9,1
3840,2,4,2,10,2
3841,1,4,1,10,1
3842,1,5,0,10,1
3843,1,3,0,10,1
3844,1,7,0,10,1
3845,1,8,0,10,1
3846,1,6,0,10,1
3847,1,4,0,10,1
3848,1,7,0,10,1
3849,1,5,0,10,1
3850,1,5,0,10,1
3851,1,5,0,10,1
3852,1,6,0,10,1
3853,1,5,0,10,1
3854,1,5,0,10,1
3855,1,6,0,10,1
3856,1,6,0,10,1
3857,1,6,0,10,1
3858,1,7,1,10,1
3859,1,6,0,10,1
3860,1,8,1,10,1
3861,1,3,0,10,1
3862,1,10,0,10,1
3863,1,8,0,10,1
3864,1,9,0,10,1
3865,1,5,0,10,1
3866,0,8,0,10,0
3867,0,11,0,10,0
3868,0,7,0,10,0
3869,0,8,0,10,0
3870,0,8,0,10,0
3871,0,5,0,10,0
3872,0,5,0,10,0
3873,0,8,0,10,0
3874,0,2,0,10,0
3875,0,6,0,10,0
3876,0,8,0,10,0
3877,0,2,0,10,0
3878,0,4,0,10,0
3879,1,4,1,11,1
3880,1,3,0,11,1
3881,1,9,0,11,1
3882,1,3,0,11,1
3883,0,6,0,11,0
3884,0,6,0,11,0
3885,0,8,0,11,0
3886,0,4,0,11,0
3887,0,9,0,11,0
3888,0,8,0,11,0
3889,0,5,0,11,0
3890,0,10,0,11,0
3891,0,6,0,11,0
3892,0,6,0,11,0
3893,0,3,0,11,0
3894,0,5,1,11,0
3895,0,7,0,11,0
3896,0,2,0,11,0
3897,0,5,0,11,0
3898,0,3,0,11,0
3899,0,5,0,11,0
3900,0,10,0,11,0
3901,0,4,0,11,0
3902,0,4,0,11,0
3903,0,11,0,11,0
3904,0,6,0,11,0
3905,0,4,0,11,0
3906,0,2,0,11,0
3907,0,5,0,11,0
3908,0,7,0,11,0
3909,0,10,0,11,0
3910,0,4,0,11,0
3911,0,4,0,10,0
3912,0,6,0,10,0
3913,0,6,0,10,0
3914,0,6,0,10,0
3915,0,4,0,10,0
3916,0,4,1,10,0
3917,0,5,0,10,0
3918,0,6,0,10,0
3919,0,8,0,10,0
3920,0,7,0,10,0
3921,0,7,0,10,0
3922,0,0,0,10,0
3923,0,6,1,10,0
3924,0,0,0,10,0
3925,0,6,0,10,0
3926,0,6,0,10,0
3927,0,8,0,10,0
3928,0,6,0,10,0
3929,0,1,0,10,0
3930,0,5,0,10,0
3931,0,10,0,10,0
3932,0,4,0,9,0
3933,0,7,0,9,0
3934,0,5,1,9,0
3935,0,3,0,9,0
3936,0,6,0,9,0
3937,0,6,0,9,0
3938,0,3,0,9,0
3939,0,6,1,9,0
3940,0,3,0,8,0
3941,0,5,0,8,0
3942,0,4,0,8,0
3943,0,9,0,8,0
3944,0,9,1,8,0
3945,0,3,0,7,0
3946,0,5,0,7,0
3947,0,4,1,7,0
3948,0,5,0,7,0
3949,0,3,0,7,0
3950,0,2,0,7,0
3951,0,10,0,7,0
3952,0,6,1,7,0
3953,0,3,1,7,0
3954,0,6,1,7,0
3955,0,6,0,7,0
3956,0,2,0,7,0
3957,0,4,0,7,0
3958,0,6,0,7,0
3959,0,5,0,7,0
3960,0,4,0,7,0
3961,0,6,0,7,0
3962,0,4,0,7,0
3963,0,6,0,7,0
3964,0,2,0,7,0
3965,0,8,0,7,0
3966,0,4,0,7,0
3967,0,6,0,7,0
3968,0,6,0,7,0
3969,0,4,0,7,0
3970,0,6,1,7,0
3971,0,4,0,7,0
3972,0,5,0,7,0
3973,0,3,1,7,0
3974,0,7,0,7,0
3975,0,11,0,7,0
3976,0,6,0,7,0
3977,0,7,0,7,0
3978,0,7,0,7,0
3979,0,7,0,7,0
3980,0,4,0,7,0
3981,0,7,0,7,0
3982,0,10,0,7,0
3983,0,5,0,7,0
3984,0,6,1,7,0
3985,0,5,0,7,0
3986,0,3,0,7,0
3987,0,3,1,7,0
3988,0,4,0,7,0
3989,0,4,0,7,0
3990,0,7,0,7,0
3991,0,5,0,7,0
3992,0,8,0,7,0
3993,0,4,0,7,0
3994,0,5,0,7,0
3995,0,6,0,7,0
3996,0,8,0,7,0
3997,0,7,0,7,0
3998,0,5,1,7,0
3999,0,5,0,7,0
4000,0,6,1,7,0
4001,0,7,1,7,0
4002,0,2,0,7,0
4003,0,4,1,7,0
4004,0,5,0,7,0
4005,0,5,1,7,0
4006,0,4,0,7,0
4007,0,5,0,7,0
4008,0,10,1,7,0
4009,0,9,0,7,0
4010,0,5,0,7,0
4011,0,6,1,7,0
4012,0,4,0,7,0
4013,0,3,1,7,0
4014,0,4,0,7,0
4015,0,4,1,7,0
4016,0,6,1,7,0
4017,0,4,1,7,0
4018,0,6,2,7,0
4019,0,7,0,7,0
4020,0,8,0,7,0
4021,0,5,0,7,0
4022,0,8,0,7,0
4023,0,3,0,7,0
4024,0,9,0,7,0
4025,0,7,0,7,0
4026,0,5,0,7,0
4027,0,6,0,7,0
4028,0,7,0,7,0
4029,0,8,0,7,0
4030,1,2,1,8,1
4031,1,8,0,8,1
4032,1,2,0,8,1
4033,1,6,0,8,1
4034,1,5,0,8,1
4035,1,3,1,8,1
4036,1,5,1,8,1
4037,1,3,0,8,1
4038,1,8,0,8,1
4039,0,5,0,8,0
4040,0,12,0,8,0
4041,0,10,0,8,0
4042,0,9,0,8,0
4043,0,5,0,8,0
4044,0,7,0,8,0
4045,0,7,0,8,0
4046,0,6,0,8,0
4047,0,7,0,8,0
4048,0,1,0,8,0
4049,0,7,0,8,0
4050,0,7,0,8,0
4051,0,5,2,8,0
4052,0,7,0,8,0
4053,0,3,1,8,0
4054,0,3,0,8,0
4055,0,12,1,8,0
4056,0,5,0,8,0
4057,0,6,0,8,0
4058,0,7,0,8,0
4059,0,4,0,8,0
4060,0,5,0,8,0
4061,0,7,0,7,0
4062,0,6,0,7,0
4063,0,8,0,7,0
4064,0,5,0,7,0
4065,0,8,1,7,0
4066,0,6,1,6,0
4067,0,6,1,6,0
4068,0,6,0,6,0
4069,0,4,0,6,0
4070,0,5,0,6,0
4071,0,6,0,6,0
4072,0,5,0,6,0
4073,0,4,1,6,0
4074,0,10,0,6,0
4075,0,6,0,6,0
4076,0,3,3,6,0
4077,0,5,1,6,0
4078,0,7,1,6,0
4079,0,4,1,6,0
4080,0,6,0,5,0
4081,0,4,0,5,0
4082,0,6,1,5,0
4083,0,9,0,5,0
4084,0,5,0,5,0
4085,0,6,0,5,0
4086,0,9,1,5,0
4087,1,4,0,6,1
4088,1,3,1,6,1
4089,1,7,1,6,1
4090,1,8,0,6,1
4091,1,2,0,6,1
4092,1,9,0,6,1
4093,1,10,0,6,1
4094,1,2,0,6,1
4095,1,5,0,6,1
4096,1,4,1,6,1
4097,1,7,0,6,1
4098,1,3,0,5,1
4099,1,10,0,5,1
4100,1,3,0,5,1
4101,1,5,0,5,1
4102,1,2,1,5,1
4103,1,7,1,5,1
4104,1,6,0,5,1
4105,1,3,0,5,1
4106,1,5,0,5,1
4107,1,5,0,5,1
4108,1,7,0,5,1
4109,1,3,1,5,1
4110,1,9,1,5,1
4111,1,1,0,5,1
4112,1,3,0,5,1
4113,1,5,0,5,1
4114,1,3,0,5,1
4115,1,3,0,5,1
4116,1,5,0,5,1
4117,1,6,0,5,1
4118,1,3,0,5,1
4119,1,8,0,5,1
4120,1,7,0,5,1
4121,1,5,1,5,1
4122,1,4,0,5,1
4123,2,4,1,6,2
4124,1,1,1,6,1
4125,1,5,0,6,1
4126,0,5,0,6,0
4127,0,5,2,6,0
4128,0,3,0,6,0
4129,0,5,0,6,0
4130,0,5,0,6,0
4131,0,5,0,6,0
4132,0,5,0,6,0
4133,0,5,0,6,0
4134,0,4,0,6,0
4135,0,6,0,6,0
4136,0,4,0,6,0
4137,0,5,0,6,0
4138,0,4,0,6,0
4139,0,6,0,6,0
4140,0,9,1,6,0
4141,0,8,0,6,0
4142,0,4,0,5,0
4143,0,9,0,5,0
4144,0,6,1,5,0
4145,0,5,0,5,0
4146,0,3,0,5,0
4147,0,6,0,5,0
4148,0,6,0,5,0
4149,0,6,0,5,0
4150,0,6,0,5,0
4151,0,8,1,5,0
4152,0,6,1,5,0
4153,0,5,0,5,0
4154,0,5,0,5,0
4155,0,3,1,5,0
4156,0,6,0,5,0
4157,0,5,1,5,0
4158,0,4,1,5,0
4159,0,8,1,5,0
4160,0,4,0,5,0
4161,0,4,1,5,0
4162,0,3,0,5,0
4163,0,5,0,5,0
4164,0,3,1,5,0
4165,0,5,0,5,0
4166,0,3,0,5,0
4167,0,5,0,4,0
4168,0,8,0,4,0
4169,0,5,0,4,0
4170,0,7,0,4,0
4171,0,8,0,4,0
4172,0,3,1,4,0
4173,0,7,0,4,0
4174,0,4,0,4,0
4175,0,9,0,4,0
4176,0,5,2,4,0
4177,0,5,0,4,0
4178,0,9,0,4,0
4179,0,7,0,4,0
4180,0,2,1,4,0
4181,0,6,1,4,0
4182,1,4,0,5,1
4183,1,4,0,5,1
4184,1,4,0,4,1
4185,0,2,0,4,0
4186,0,9,0,4,0
4187,0,7,1,4,0
4188,0,6,0,4,0
4189,0,6,0,4,0
4190,0,5,0,4,0
4191,0,10,0,4,0
4192,0,2,0,4,0
4193,0,6,0,4,0
4194,0,9,1,4,0
4195,0,7,0,4,0
4196,0,3,0,4,0
4197,0,5,0,4,0
4198,0,10,0,4,0
4199,0,9,0,4,0
4200,0,4,0,4,0
4201,0,3,0,4,0
4202,0,5,0,4,0
4203,0,5,0,4,0
4204,0,5,0,4,0
4205,0,6,0,4,0
4206,0,4,0,4,0
4207,0,4,0,4,0
4208,0,6,0,4,0
4209,0,4,0,4,0
4210,0,6,0,4,0
4211,0,7,0,4,0
4212,0,6,0,4,0
4213,0,5,0,4,0
4214,0,5,0,4,0
4215,0,4,0,4,0
4216,0,7,0,4,0
4217,0,6,0,4,0
4218,0,5,0,4,0
4219,0,9,0,4,0
4220,0,3,0,4,0
4221,0,6,0,4,0
4222,0,8,0,4,0
4223,0,4,0,4,0
4224,0,8,0,4,0
4225,0,5,0,4,0
4226,0,6,0,4,0
4227,0,6,0,4,0
4228,0,4,0,4,0
4229,0,5,0,4,0
4230,0,9,0,4,0
4231,0,6,0,4,0
4232,0,2,0,4,0
4233,0,6,0,4,0
4234,0,5,0,4,0
4235,0,6,0,4,0
4236,0,5,0,4,0
4237,0,11,0,4,0
4238,0,6,0,4,0
4239,0,6,1,4,0
4240,0,5,1,4,0
4241,0,5,0,4,0
4242,0,8,0,4,0
4243,0,5,0,4,0
4244,0,5,0,4,0
4245,0,6,0,4,0
4246,0,8,0,4,0
4247,0,3,0,4,0
4248,0,6,0,4,0
4249,0,6,0,4,0
4250,0,6,0,4,0
4251,0,6,1,4,0
4252,0,3,0,4,0
4253,0,3,0,4,0
4254,0,3,1,4,0
4255,0,3,1,4,0
4256,0,5,1,4,0
4257,0,3,0,4,0
4258,0,5,0,4,0
4259,0,7,0,4,0
4260,0,11,0,4,0
4261,0,3,0,4,0
4262,0,4,0,4,0
4263,0,4,0,4,0
4264,0,9,0,4,0
4265,0,8,0,4,0
4266,0,2,0,4,0
4267,0,5,0,4,0
4268,0,2,0,4,0
4269,0,4,0,4,0
4270,0,4,0,4,0
4271,0,4,0,4,0
4272,0,4,0,4,0
4273,0,8,0,4,0
4274,0,5,0,4,0
4275,0,4,0,4,0
4276,0,6,1,4,0
4277,0,4,1,4,0
4278,0,5,0,4,0
4279,0,6,0,4,0
4280,0,5,0,4,0
4281,0,3,1,4,0
4282,0,5,1,4,0
4283,0,4,0,4,0
4284,0,7,0,4,0
4285,0,6,0,4,0
4286,0,1,0,4,0
4287,0,5,0,4,0
4288,0,7,1,4,0
4289,0,5,0,4,0
4290,0,2,0,4,0
4291,0,7,0,4,0
4292,0,8,0,4,0
4293,0,6,0,4,0
4294,0,5,0,4,0
4295,0,12,0,4,0
4296,0,4,0,4,0
4297,0,8,0,4,0
4298,0,6,0,4,0
4299,0,6,0,4,0
4300,0,4,1,4,0
4301,0,8,1,4,0
4302,0,5,1,4,0
4303,0,1,0,4,0
4304,0,5,0,4,0
4305,0,6,0,4,0
4306,0,7,0,4,0
4307,0,4,0,4,0
4308,0,7,2,4,0
4309,0,8,1,4,0
4310,0,6,0,4,0
4311,0,5,0,4,0
4312,0,8,0,4,0
4313,0,4,0,4,0
4314,0,11,0,4,0
4315,0,9,0,4,0
4316,0,2,1,4,0
4317,0,5,1,4,0
4318,0,7,0,4,0
4319,0,4,0,4,0
4320,0,4,0,4,0
4321,0,6,0,4,0
4322,0,7,0,4,0
4323,0,7,0,4,0
4324,0,8,0,4,0
4325,0,9,0,4,0
4326,0,5,0,4,0
4327,0,6,0,4,0
4328,0,2,1,4,0
4329,0,8,0,4,0
4330,0,6,0,4,0
4331,0,6,0,4,0
4332,0,7,0,4,0
4333,0,5,0,4,0
4334,0,6,1,4,0
4335,0,7,1,4,0
4336,0,4,0,4,0
4337,0,5,1,4,0
4338,0,6,0,4,0
4339,0,6,0,4,0
4340,0,5,0,3,0
4341,0,8,1,3,0
4342,0,3,0,3,0
4343,0,7,0,3,0
4344,0,4,0,3,0
4345,0,5,1,3,0
4346,0,4,0,3,0
4347,0,5,0,3,0
4348,0,12,0,3,0
4349,0,5,0,3,0
4350,0,7,0,3,0
4351,0,2,0,3,0
4352,0,4,0,3,0
4353,0,9,1,3,0
4354,0,5,0,3,0
4355,0,10,0,3,0
4356,0,7,0,3,0
4357,0,10,0,3,0
4358,0,6,1,3,0
4359,0,6,0,3,0
4360,0,4,0,3,0
4361,0,6,0,3,0
4362,0,8,0,3,0
4363,0,8,0,3,0
4364,0,7,0,3,0
4365,0,4,0,3,0
4366,0,7,0,3,0
4367,0,6,0,3,0
4368,0,5,0,3,0
4369,0,7,1,3,0
4370,0,6,0,3,0
4371,0,4,0,3,0
4372,0,7,0,3,0
4373,0,0,0,3,0
4374,0,5,0,3,0
4375,0,5,0,3,0
4376,0,5,0,3,0
4377,0,6,0,3,0
4378,0,9,0,3,0
4379,0,7,0,3,0
4380,0,5,1,3,0
4381,0,3,0,3,0
4382,0,5,0,3,0
4383,0,6,0,3,0
4384,0,7,0,3,0
4385,0,7,0,3,0
4386,0,3,0,3,0
4387,0,2,0,3,0
4388,0,5,0,3,0
4389,0,2,0,3,0
4390,0,5,0,3,0
4391,0,5,0,3,0
4392,0,5,0,3,0
4393,0,5,0,3,0
4394,0,9,1,3,0
4395,0,6,0,3,0
4396,0,4,0,3,0
4397,0,8,0,3,0
4398,0,8,0,3,0
4399,0,4,1,3,0
4400,0,7,0,3,0
4401,0,6,0,3,0
4402,0,5,0,3,0
4403,0,4,0,3,0
4404,0,4,0,3,0
4405,0,0,0,3,0
4406,0,5,0,3,0
4407,0,8,0,3,0
4408,0,5,0,3,0
4409,0,4,0,3,0
4410,0,4,0,3,0
4411,0,6,0,3,0
4412,0,9,0,3,0
4413,0,3,0,3,0
4414,0,3,0,3,0
4415,0,5,0,3,0
4416,0,4,0,3,0
4417,0,5,0,3,0
4418,0,4,1,3,0
4419,1,6,0,4,1
4420,1,2,1,4,1
4421,1,8,0,4,1
4422,1,4,0,4,1
4423,1,5,0,4,1
4424,1,4,1,4,1
4425,1,12,3,3,1
4426,0,8,1,3,0
4427,0,5,0,2,0
4428,0,5,0,2,0
4429,0,5,0,2,0
4430,0,6,0,2,0
4431,0,2,0,2,0
4432,0,9,1,2,0
4433,0,3,1,2,0
4434,0,4,0,2,0
4435,0,6,0,2,0
4436,0,5,0,2,0
4437,0,4,0,2,0
4438,0,2,0,2,0
4439,0,8,0,2,0
4440,0,3,1,2,0
4441,0,9,0,2,0
4442,0,3,1,2,0
4443,0,6,1,2,0
4444,0,7,0,2,0
4445,0,6,0,2,0
4446,0,7,0,2,0
4447,0,7,0,2,0
4448,0,7,0,2,0
4449,0,5,0,2,0
4450,0,8,1,2,0
4451,0,10,0,2,0
4452,0,3,2,2,0
4453,0,3,1,2,0
4454,0,5,0,2,0
4455,0,3,0,2,0
4456,0,7,1,2,0
4457,0,2,0,2,0
4458,0,7,0,2,0
4459,0,6,0,2,0
4460,0,4,1,2,0
4461,0,2,1,2,0
4462,0,6,0,2,0
4463,0,5,2,2,0
4464,0,2,0,2,0
4465,0,4,0,2,0
4466,0,3,0,2,0
4467,0,5,0,2,0
4468,0,4,0,2,0
4469,0,5,0,2,0
4470,0,6,0,2,0
4471,0,5,0,2,0
4472,0,4,0,2,0
4473,0,10,0,2,0
4474,0,6,0,2,0
4475,0,8,0,2,0
4476,0,6,0,2,0
4477,0,10,0,2,0
4478,0,6,0,2,0
4479,0,5,0,2,0
4480,0,4,0,2,0
4481,0,7,0,2,0
4482,0,7,0,2,0
4483,0,4,0,2,0
4484,0,5,0,2,0
4485,0,7,0,2,0
4486,0,5,0,1,0
4487,0,7,0,1,0
4488,0,5,0,1,0
4489,0,6,0,1,0
4490,0,3,0,1,0
4491,0,5,0,1,0
4492,0,6,0,1,0
4493,0,3,0,1,0
4494,0,8,1,1,0
4495,0,9,0,1,0
4496,0,6,0,1,0
4497,0,6,0,1,0
4498,0,6,0,1,0
4499,0,4,1,1,0
4500,0,5,1,1,0
4501,0,5,0,1,0
4502,0,6,0,1,0
4503,0,6,1,1,0
4504,0,4,0,1,0
4505,0,5,1,1,0
4506,0,7,1,1,0
4507,0,9,1,1,0
4508,0,5,0,1,0
4509,0,5,0,1,0
4510,0,3,0,1,0
4511,0,7,0,1,0
4512,0,6,0,1,0
4513,0,4,0,1,0
4514,0,4,0,1,0
4515,0,4,0,1,0
4516,0,5,0,1,0
4517,0,8,1,1,0
4518,0,6,0,1,0
4519,0,5,0,1,0
4520,0,4,1,1,0
4521,0,8,0,1,0
4522,0,5,0,1,0
4523,0,3,0,1,0
4524,0,3,0,1,0
4525,0,4,0,1,0
4526,0,5,0,1,0
4527,0,6,1,1,0
4528,0,3,0,1,0
4529,0,6,0,1,0
4530,0,3,0,1,0
4531,0,5,0,1,0
4532,0,3,0,1,0
4533,0,2,1,1,0
4534,0,5,1,1,0
4535,0,5,1,1,0
4536,0,9,0,1,0
4537,0,3,0,1,0
4538,0,5,0,1,0
4539,0,7,0,1,0
4540,0,4,2,1,0
4541,0,7,2,1,0
4542,0,5,1,1,0
4543,0,5,1,1,0
4544,0,7,0,1,0
4545,0,3,0,1,0
4546,0,4,0,1,0
4547,0,6,0,1,0
4548,0,6,0,1,0
4549,0,4,0,1,0
4550,0,4,0,1,0
4551,0,2,0,1,0
4552,0,7,0,1,0
4553,0,7,0,1,0
4554,0,2,0,1,0
4555,0,6,0,1,0
4556,0,6,0,1,0
4557,0,3,0,1,0
4558,0,3,0,1,0
4559,0,3,0,1,0
4560,0,6,0,1,0
4561,0,5,0,1,0
4562,0,5,0,1,0
4563,0,5,1,1,0
4564,0,7,1,1,0
4565,0,7,0,1,0
4566,0,9,0,1,0
4567,0,7,0,1,0
4568,0,4,0,1,0
4569,0,3,0,1,0
4570,0,4,0,1,0
4571,0,2,1,1,0
4572,0,5,0,1,0
4573,0,3,0,1,0
4574,0,7,0,1,0
4575,0,5,0,1,0
4576,0,5,0,1,0
4577,0,4,0,1,0
4578,0,4,0,1,0
4579,0,6,0,1,0
4580,0,2,0,1,0
4581,0,4,0,1,0
4582,0,8,0,1,0
4583,0,4,0,1,0
4584,0,8,0,1,0
4585,0,6,1,1,0
4586,0,3,1,1,0
4587,0,6,1,1,0
4588,0,7,1,1,0
4589,0,9,1,1,0
4590,0,0,0,1,0
4591,0,5,0,1,0
4592,0,2,0,1,0
4593,0,2,0,1,0
4594,0,6,0,1,0
4595,0,4,0,1,0
4596,0,8,0,1,0
4597,0,6,2,1,0
4598,0,5,1,1,0
4599,0,5,0,1,0
4600,0,7,0,1,0
4601,0,5,1,1,0
4602,0,6,0,1,0
4603,0,7,1,1,0
4604,0,1,0,1,0
4605,0,3,0,1,0
4606,0,9,0,1,0
4607,0,3,0,1,0
4608,0,6,0,1,0
4609,0,6,0,1,0
4610,0,6,0,1,0
4611,0,7,0,1,0
4612,0,5,0,1,0
4613,0,4,0,1,0
4614,0,4,0,1,0
4615,0,5,0,1,0
4616,0,4,0,1,0
4617,0,5,0,1,0
4618,0,3,1,1,0
4619,0,5,0,1,0
4620,0,7,0,1,0
4621,0,5,0,1,0
4622,0,6,0,1,0
4623,0,2,0,1,0
4624,0,2,0,1,0
4625,0,2,0,1,0
4626,0,4,0,1,0
4627,0,5,1,1,0
4628,0,11,0,1,0
4629,0,9,0,1,0
4630,0,8,0,1,0
4631,0,9,0,1,0
4632,0,1,0,1,0
4633,0,9,1,1,0
4634,0,2,0,1,0
4635,0,8,0,1,0
4636,0,3,0,1,0
4637,0,8,0,1,0
4638,0,1,0,1,0
4639,0,10,0,1,0
4640,0,6,0,1,0
4641,0,1,0,1,0
4642,0,4,0,1,0
4643,0,7,0,1,0
4644,0,8,0,1,0
4645,0,8,0,1,0
4646,0,9,0,1,0
4647,0,3,0,1,0
4648,0,4,0,1,0
4649,0,3,0,1,0
4650,0,3,0,1,0
4651,0,8,0,1,0
4652,0,7,1,1,0
4653,0,7,0,1,0
4654,0,5,0,1,0
4655,0,6,1,1,0
4656,0,2,0,1,0
4657,0,4,0,1,0
4658,0,5,0,1,0
4659,0,4,0,1,0
4660,0,7,0,1,0
4661,0,4,0,1,0
4662,0,7,0,1,0
4663,0,7,0,1,0
4664,0,6,0,1,0
4665,0,5,0,1,0
4666,0,4,1,1,0
4667,0,6,0,1,0
4668,0,4,1,1,0
4669,0,5,0,1,0
4670,0,6,0,1,0
4671,0,6,0,1,0
4672,0,6,0,1,0
4673,0,6,0,1,0
4674,0,5,0,1,0
4675,0,2,0,1,0
4676,0,6,0,1,0
4677,0,4,0,1,0
4678,0,3,0,1,0
4679,0,5,0,1,0
4680,0,6,0,1,0
4681,0,3,0,1,0
4682,0,7,0,1,0
4683,0,7,0,1,0
4684,0,5,0,1,0
4685,0,5,0,1,0
4686,0,10,0,1,0
4687,0,6,0,1,0
4688,0,8,0,1,0
4689,0,2,0,1,0
4690,0,4,0,1,0
4691,0,3,0,1,0
4692,0,7,1,1,0
4693,0,4,0,1,0
4694,0,4,0,1,0
4695,0,6,0,1,0
4696,0,6,0,1,0
4697,0,7,0,1,0
4698,0,4,0,1,0
4699,0,7,0,1,0
4700,0,2,0,1,0
4701,0,5,0,1,0
4702,0,5,0,1,0
4703,0,5,0,1,0
4704,0,3,0,1,0
4705,0,3,0,1,0
4706,0,6,0,1,0
4707,0,2,0,1,0
4708,0,4,0,1,0
4709,0,7,0,1,0
4710,0,1,1,1,0
4711,0,9,0,1,0
4712,0,4,0,1,0
4713,0,8,0,1,0
4714,0,8,0,1,0
4715,0,2,0,1,0
4716,0,3,0,1,0
4717,0,5,0,1,0
4718,0,5,0,1,0
4719,0,4,1,1,0
4720,0,5,0,1,0
4721,0,5,0,1,0
4722,0,4,0,1,0
4723,0,3,1,1,0
4724,0,3,0,1,0
4725,0,4,0,1,0
4726,0,5,0,1,0
4727,0,6,0,0,0
4728,0,3,0,0,0
4729,0,7,0,0,0
4730,0,4,0,0,0
4731,0,5,0,0,0
4732,0,4,0,0,0
4733,0,3,0,0,0
4734,0,3,0,0,0
4735,0,4,0,0,0
4736,0,5,0,0,0
4737,0,5,0,0,0
4738,0,5,0,0,0
4739,0,4,0,0,0
4740,0,5,0,0,0
4741,0,5,0,0,0
4742,0,8,0,0,0
4743,0,7,0,0,0
4744,0,7,0,0,0
4745,0,4,0,0,0
4746,0,7,0,0,0
4747,0,3,1,0,0
4748,0,6,0,0,0
4749,0,8,0,0,0
4750,0,6,1,0,0
4751,0,1,0,0,0
4752,0,6,0,0,0
4753,0,6,0,0,0
4754,0,4,0,0,0
4755,0,6,0,0,0
4756,0,4,1,0,0
4757,0,3,0,0,0
4758,0,7,0,0,0
4759,0,6,0,0,0
4760,0,6,0,0,0
4761,0,1,0,0,0
4762,0,5,0,0,0
4763,0,5,0,0,0
4764,0,3,0,0,0
4765,0,8,0,0,0
4766,0,5,0,0,0
4767,0,5,0,0,0
4768,0,6,0,0,0
4769,0,5,1,0,0
4770,0,6,0,0,0
4771,0,1,0,0,0
4772,0,3,0,0,0
4773,0,12,0,0,0
4774,0,6,1,0,0
4775,0,10,1,0,0
4776,0,2,1,0,0
4777,0,7,1,0,0
4778,0,10,0,0,0
4779,0,7,0,0,0
4780,0,6,2,0,0
4781,0,3,0,0,0
4782,0,4,0,0,0
4783,0,7,0,0,0
4784,0,5,0,0,0
4785,0,5,0,0,0
4786,0,10,0,0,0
4787,0,7,0,0,0
4788,0,5,0,0,0
4789,0,9,0,0,0
4790,0,2,1,0,0
4791,0,2,1,0,0
4792,0,7,0,0,0
4793,0,4,0,0,0
4794,0,5,0,0,0
4795,0,6,0,0,0
4796,0,5,1,0,0
4797,0,4,1,0,0
4798,0,8,0,0,0
4799,0,4,0,0,0
4800,0,3,0,0,0
4801,0,5,0,0,0
4802,0,2,0,0,0
4803,0,6,0,0,0
4804,0,4,1,0,0
4805,0,3,0,0,0
4806,0,2,0,0,0
4807,0,8,0,0,0
4808,0,6,0,0,0
4809,0,4,0,0,0
4810,0,2,0,0,0
4811,0,7,0,0,0
4812,0,10,0,0,0
4813,0,5,0,0,0
4814,0,3,0,0,0
4815,0,6,0,0,0
4816,0,1,2,0,0
4817,0,1,0,0,0
4818,0,9,1,0,0
4819,0,3,0,0,0
4820,0,5,1,0,0
4821,0,9,0,0,0
4822,0,5,0,0,0
4823,0,5,0,0,0
4824,0,3,0,0,0
4825,0,8,0,0,0
4826,0,1,0,0,0
4827,0,11,0,0,0
4828,0,2,0,0,0
4829,0,3,1,0,0
4830,0,7,0,0,0
4831,0,5,0,0,0
4832,0,5,0,0,0
4833,0,4,0,0,0
4834,0,5,1,0,0
4835,0,4,0,0,0
4836,0,8,0,0,0
4837,0,3,0,0,0
4838,0,5,0,0,0
4839,0,7,0,0,0
4840,0,3,0,0,0
4841,0,9,0,0,0
4842,0,4,0,0,0
4843,0,7,0,0,0
4844,0,4,0,0,0
4845,0,5,0,0,0
4846,0,5,0,0,0
4847,0,6,0,0,0
4848,0,6,0,0,0
4849,0,0,0,0,0
4850,0,8,1,0,0
4851,0,6,0,0,0
4852,0,4,0,0,0
4853,0,8,0,0,0
4854,0,3,1,0,0
4855,0,7,0,0,0
4856,0,7,0,0,0
4857,0,7,0,0,0
4858,0,4,0,0,0
4859,0,4,0,0,0
4860,0,2,0,0,0
4861,0,3,0,0,0
4862,0,7,0,0,0
4863,0,7,0,0,0
4864,0,3,0,0,0
4865,0,2,0,0,0
4866,0,9,0,0,0
4867,0,12,0,0,0
4868,0,8,0,0,0
4869,0,8,0,0,0
4870,0,7,0,0,0
4871,0,6,0,0,0
4872,0,3,0,0,0
4873,0,8,0,0,0
4874,0,2,0,0,0
4875,0,6,0,0,0
4876,0,3,0,0,0
4877,0,4,0,0,0
4878,0,3,0,0,0
4879,0,4,0,0,0
4880,0,9,0,0,0
4881,0,5,0,0,0
4882,0,5,0,0,0
4883,0,8,0,0,0
4884,0,4,0,0,0
4885,0,2,0,0,0
4886,0,5,0,0,0
4887,0,6,0,0,0
4888,0,7,0,0,0
4889,0,7,0,0,0
4890,0,7,1,0,0
4891,0,10,1,0,0
4892,0,9,1,0,0
4893,0,6,0,0,0
4894,0,2,0,0,0
4895,0,7,0,0,0
4896,0,2,0,0,0
4897,0,2,0,0,0
4898,0,5,0,0,0
4899,0,8,0,0,0
4900,0,5,0,0,0
4901,0,8,0,0,0
4902,0,6,0,0,0
4903,0,4,0,0,0
4904,0,6,0,0,0
4905,0,4,0,0,0
4906,0,7,0,0,0
4907,0,5,0,0,0
4908,0,6,0,0,0
4909,0,2,0,0,0
4910,0,6,0,0,0
4911,0,6,0,0,0
4912,0,7,0,0,0
4913,0,5,0,0,0
4914,0,8,0,0,0
4915,0,7,2,0,0
4916,0,8,1,0,0
4917,0,5,1,0,0
4918,0,5,1,0,0
4919,0,2,0,0,0
4920,0,5,0,0,0
4921,0,8,0,0,0
4922,0,6,0,0,0
4923,0,5,0,0,0
4924,0,7,1,0,0
4925,0,4,0,0,0
4926,0,4,0,0,0
4927,0,5,0,0,0
4928,0,7,0,0,0
4929,0,3,0,0,0
4930,0,7,0,0,0
4931,0,4,0,0,0
4932,0,7,0,0,0
4933,0,7,1,1,0
4934,0,2,1,1,0
4935,0,8,0,1,0
4936,0,2,1,1,0
4937,0,5,1,1,0
4938,0,9,1,1,0
4939,0,7,0,1,0
4940,0,9,1,1,0
4941,0,4,0,1,0
4942,0,4,0,1,0
4943,0,3,0,1,0
4944,0,3,0,1,0
4945,0,4,0,1,0
4946,0,8,1,1,0
4947,0,7,0,1,0
4948,1,5,0,2,1
4949,0,5,0,2,0
4950,0,4,0,2,0
4951,0,6,0,2,0
4952,0,4,0,2,0
4953,0,6,0,2,0
4954,0,7,0,2,0
4955,0,8,0,2,0
4956,0,7,0,2,0
4957,0,7,0,2,0
4958,0,3,0,2,0
4959,0,9,0,2,0
4960,0,5,0,2,0
4961,0,2,0,2,0
4962,0,2,0,2,0
4963,0,6,0,2,0
4964,0,8,1,2,0
4965,0,9,0,2,0
4966,0,5,0,2,0
4967,0,2,1,2,0
4968,0,4,0,2,0
4969,0,5,0,2,0
4970,0,7,1,2,0
4971,0,3,0,2,0
4972,0,4,0,2,0
4973,0,6,0,2,0
4974,0,7,0,2,0
4975,0,4,0,2,0
4976,0,8,0,2,0
4977,0,5,0,2,0
4978,0,3,0,2,0
4979,0,3,0,2,0
4980,0,3,0,2,0
4981,0,7,0,2,0
4982,0,5,0,2,0
4983,0,7,0,2,0
4984,0,4,0,2,0
4985,0,5,0,2,0
4986,0,8,0,2,0
4987,0,6,0,2,0
4988,0,4,0,2,0
4989,0,2,1,2,0
4990,0,6,1,2,0
4991,0,6,0,2,0
4992,0,7,0,2,0
4993,0,2,0,2,0
4994,0,5,0,2,0
4995,0,7,0,2,0
4996,0,5,0,2,0
4997,0,5,1,2,0
4998,0,7,0,2,0
4999,0,5,0,2,0
